demand,civilians_rank,distance,AverageTemp,AverageWindSpeed,Precipitation,w_{t-1},w_{t-2},w_{t-3},w_{t-4},w_{t-5},w_{t-1}_trend,w_{t-1}_seasonality,service_General Medicine,service_Gynaecology,service_Pediatrics,service_Pharmacy,mohafaza_B,mohafaza_N,mohafaza_NE
195,3,231,19,18,19,204,197,200,194,200,201,6,1,0,0,0,0,0,1
187,2,144,16,17,22,195,204,197,200,194,201,19,1,0,0,0,0,0,1
193,4,245,18,11,1,187,195,204,197,200,201,2,1,0,0,0,0,0,1
242,2,317,17,15,0,193,187,195,204,197,200,0,1,0,0,0,0,0,1
154,4,278,19,14,0,242,193,187,195,204,200,0,1,0,0,0,0,0,1
237,4,151,19,14,17,154,242,193,187,195,200,-32,1,0,0,0,0,0,1
235,2,204,21,13,0,237,154,242,193,187,200,3,1,0,0,0,0,0,1
175,3,135,22,13,0,235,237,154,242,193,199,10,1,0,0,0,0,0,1
243,3,171,24,15,0,175,235,237,154,242,199,-26,1,0,0,0,0,0,1
237,3,225,21,14,27,243,175,235,237,154,199,0,1,0,0,0,0,0,1
208,3,155,22,15,0,237,243,175,235,237,199,11,1,0,0,0,0,0,1
273,1,158,23,12,1,208,237,243,175,235,198,-5,1,0,0,0,0,0,1
183,2,222,24,16,0,273,208,237,243,175,198,20,1,0,0,0,0,0,1
207,2,389,25,17,0,183,273,208,237,243,198,-26,1,0,0,0,0,0,1
221,3,204,25,13,0,207,183,273,208,237,198,-11,1,0,0,0,0,0,1
219,1,151,26,17,0,221,207,183,273,208,197,-9,1,0,0,0,0,0,1
193,2,157,27,15,0,219,221,207,183,273,197,-19,1,0,0,0,0,0,1
224,1,142,27,16,0,193,219,221,207,183,197,-24,1,0,0,0,0,0,1
194,2,139,28,17,0,224,193,219,221,207,197,-36,1,0,0,0,0,0,1
178,3,140,28,20,0,194,224,193,219,221,196,-45,1,0,0,0,0,0,1
103,2,288,28,18,0,178,194,224,193,219,196,-28,1,0,0,0,0,0,1
174,3,139,28,19,0,103,178,194,224,193,196,-32,1,0,0,0,0,0,1
166,1,139,28,17,0,174,103,178,194,224,196,-6,1,0,0,0,0,0,1
191,4,152,29,16,0,166,174,103,178,194,196,-7,1,0,0,0,0,0,1
170,2,140,29,12,0,191,166,174,103,178,195,10,1,0,0,0,0,0,1
177,1,141,29,14,0,170,191,166,174,103,195,-16,1,0,0,0,0,0,1
214,2,210,29,12,0,177,170,191,166,174,194,17,1,0,0,0,0,0,1
173,2,128,28,15,0,214,177,170,191,166,195,0,1,0,0,0,0,0,1
169,1,159,28,14,0,173,214,177,170,191,196,-23,1,0,0,0,0,0,1
165,1,252,27,22,16,169,173,214,177,170,196,-16,1,0,0,0,0,0,1
98,3,120,25,13,9,165,169,173,214,177,196,-26,1,0,0,0,0,0,1
212,1,142,25,11,6,98,165,169,173,214,196,-24,1,0,0,0,0,0,1
173,2,241,23,16,30,212,98,165,169,173,196,24,1,0,0,0,0,0,1
193,1,121,23,11,0,173,212,98,165,169,195,-5,1,0,0,0,0,0,1
167,1,234,22,12,16,193,173,212,98,165,195,3,1,0,0,0,0,0,1
205,2,237,21,9,0,167,193,173,212,98,194,-25,1,0,0,0,0,0,1
212,3,176,20,12,46,205,167,193,173,212,193,15,1,0,0,0,0,0,1
190,1,262,18,18,38,212,205,167,193,173,193,3,1,0,0,0,0,0,1
184,3,134,18,13,19,190,212,205,167,193,192,-3,1,0,0,0,0,0,1
172,1,168,20,9,13,184,190,212,205,167,192,16,1,0,0,0,0,0,1
169,2,261,18,14,7,172,184,190,212,205,191,15,1,0,0,0,0,0,1
222,2,491,17,11,17,169,172,184,190,212,191,28,1,0,0,0,0,0,1
195,4,319,17,15,3,222,169,172,184,190,190,50,1,0,0,0,0,0,1
168,2,237,15,19,35,195,222,169,172,184,190,58,1,0,0,0,0,0,1
157,1,512,10,16,18,168,195,222,169,172,189,-6,1,0,0,0,0,0,1
190,1,378,14,10,16,157,168,195,222,169,188,-11,1,0,0,0,0,0,1
216,1,342,17,9,0,190,157,168,195,222,186,-10,1,0,0,0,0,0,1
217,2,238,16,15,16,216,190,157,168,195,187,14,1,0,0,0,0,0,1
240,3,328,17,20,9,217,216,190,157,168,187,64,1,0,0,0,0,0,1
216,1,138,12,22,41,240,217,216,190,157,187,35,1,0,0,0,0,0,1
205,2,435,12,18,22,216,240,217,216,190,187,26,1,0,0,0,0,0,1
206,2,529,17,15,5,205,216,240,217,216,187,20,1,0,0,0,0,0,1
244,1,669,18,9,0,206,205,216,240,217,187,6,1,0,0,0,0,0,1
228,1,278,17,15,6,244,206,205,216,240,187,19,1,0,0,0,0,0,1
216,3,287,16,20,7,228,244,206,205,216,186,2,1,0,0,0,0,0,1
198,2,393,19,13,3,216,228,244,206,205,187,0,1,0,0,0,0,0,1
179,1,250,18,15,0,198,216,228,244,206,186,0,1,0,0,0,0,0,1
190,1,333,17,19,28,179,198,216,228,244,186,-32,1,0,0,0,0,0,1
201,2,235,19,16,1,190,179,198,216,228,186,3,1,0,0,0,0,0,1
187,3,333,19,19,1,201,190,179,198,216,186,10,1,0,0,0,0,0,1
185,3,145,21,14,1,187,201,190,179,198,186,-26,1,0,0,0,0,0,1
193,3,252,22,12,2,185,187,201,190,179,185,0,1,0,0,0,0,0,1
211,1,155,25,13,3,193,185,187,201,190,185,11,1,0,0,0,0,0,1
201,3,406,24,14,1,211,193,185,187,201,184,-5,1,0,0,0,0,0,1
188,1,488,25,16,3,201,211,193,185,187,184,20,1,0,0,0,0,0,1
190,2,141,25,12,0,188,201,211,193,185,183,-26,1,0,0,0,0,0,1
192,3,239,24,12,0,190,188,201,211,193,183,-11,1,0,0,0,0,0,1
183,1,274,26,17,0,192,190,188,201,211,184,-9,1,0,0,0,0,0,1
156,4,360,26,20,0,183,192,190,188,201,184,-19,1,0,0,0,0,0,1
157,1,396,26,14,0,156,183,192,190,188,184,-24,1,0,0,0,0,0,1
146,1,252,27,14,0,157,156,183,192,190,185,-36,1,0,0,0,0,0,1
106,1,159,27,14,0,146,157,156,183,192,186,-45,1,0,0,0,0,0,1
189,2,160,29,12,0,106,146,157,156,183,186,-28,1,0,0,0,0,0,1
151,3,215,29,13,0,189,106,146,157,156,185,-32,1,0,0,0,0,0,1
165,2,328,30,13,0,151,189,106,146,157,185,-6,1,0,0,0,0,0,1
178,3,234,30,13,0,165,151,189,106,146,186,-7,1,0,0,0,0,0,1
177,2,152,29,15,0,178,165,151,189,106,185,10,1,0,0,0,0,0,1
193,1,153,29,11,0,177,178,165,151,189,185,-16,1,0,0,0,0,0,1
166,1,143,29,10,0,193,177,178,165,151,185,17,1,0,0,0,0,0,1
182,1,125,30,11,0,166,193,177,178,165,184,0,1,0,0,0,0,0,1
182,2,120,29,11,0,182,166,193,177,178,184,-23,1,0,0,0,0,0,1
78,1,124,28,13,0,182,182,166,193,177,183,-16,1,0,0,0,0,0,1
174,2,154,28,11,0,78,182,182,166,193,182,-26,1,0,0,0,0,0,1
177,2,145,26,14,5,174,78,182,182,166,181,-24,1,0,0,0,0,0,1
174,3,136,26,10,0,177,174,78,182,182,180,24,1,0,0,0,0,0,1
177,2,145,25,12,57,174,177,174,78,182,180,-5,1,0,0,0,0,0,1
160,3,271,22,11,10,177,174,177,174,78,179,3,1,0,0,0,0,0,1
181,4,263,22,10,6,160,177,174,177,174,179,-25,1,0,0,0,0,0,1
168,3,310,21,9,3,181,160,177,174,177,178,15,1,0,0,0,0,0,1
150,3,224,20,8,0,168,181,160,177,174,178,3,1,0,0,0,0,0,1
190,3,162,20,10,30,150,168,181,160,177,177,-3,1,0,0,0,0,0,1
166,2,246,15,12,4,190,150,168,181,160,176,16,1,0,0,0,0,0,1
209,4,217,17,7,7,166,190,150,168,181,175,15,1,0,0,0,0,0,1
214,3,265,17,9,17,209,166,190,150,168,175,28,1,0,0,0,0,0,1
248,2,228,17,7,0,214,209,166,190,150,174,50,1,0,0,0,0,0,1
192,1,188,13,17,22,248,214,209,166,190,173,58,1,0,0,0,0,0,1
191,3,248,16,14,14,192,248,214,209,166,173,-6,1,0,0,0,0,0,1
159,1,261,15,17,14,191,192,248,214,209,172,-11,1,0,0,0,0,0,1
181,2,208,12,14,9,159,191,192,248,214,172,-10,1,0,0,0,0,0,1
282,3,529,12,9,0,181,159,191,192,248,173,14,1,0,0,0,0,0,1
203,3,317,15,15,0,282,181,159,191,192,174,64,1,0,0,0,0,0,1
210,2,233,17,8,0,203,282,181,159,191,176,35,1,0,0,0,0,0,1
210,2,326,18,13,25,210,203,282,181,159,177,26,1,0,0,0,0,0,1
188,3,316,18,9,0,210,210,203,282,181,178,20,1,0,0,0,0,0,1
199,1,298,18,13,0,188,210,210,203,282,178,6,1,0,0,0,0,0,1
173,1,177,18,16,11,199,188,210,210,203,179,19,1,0,0,0,0,0,1
171,1,389,17,13,1,173,199,188,210,210,179,2,1,0,0,0,0,0,1
142,1,346,18,14,1,171,173,199,188,210,179,0,1,0,0,0,0,0,1
153,1,427,19,9,0,142,171,173,199,188,181,0,1,0,0,0,0,0,1
166,1,186,21,11,21,153,142,171,173,199,183,-32,1,0,0,0,0,0,1
180,4,279,20,10,7,166,153,142,171,173,184,3,1,0,0,0,0,0,1
145,4,265,23,10,0,180,166,153,142,171,185,10,1,0,0,0,0,0,1
159,4,248,22,13,0,145,180,166,153,142,186,-26,1,0,0,0,0,0,1
188,3,322,22,13,2,159,145,180,166,153,187,0,1,0,0,0,0,0,1
151,3,225,26,10,0,188,159,145,180,166,187,11,1,0,0,0,0,0,1
171,4,284,23,12,4,151,188,159,145,180,188,-5,1,0,0,0,0,0,1
137,4,173,23,12,1,171,151,188,159,145,189,20,1,0,0,0,0,0,1
156,4,271,26,10,0,137,171,151,188,159,190,-26,1,0,0,0,0,0,1
4,3,205,16,10,26,11,3,1,4,1,-14,3,1,0,0,0,1,0,0
3,1,286,17,13,7,4,11,3,1,4,-14,-2,1,0,0,0,1,0,0
7,2,294,17,16,7,3,4,11,3,1,-13,-1,1,0,0,0,1,0,0
7,3,265,19,18,19,7,3,4,11,3,-12,-1,1,0,0,0,1,0,0
2,2,174,16,17,22,7,7,3,4,11,-12,-5,1,0,0,0,1,0,0
3,4,272,18,11,1,2,7,7,3,4,-11,-11,1,0,0,0,1,0,0
2,2,344,17,15,0,3,2,7,7,3,-11,-10,1,0,0,0,1,0,0
8,4,291,19,14,0,2,3,2,7,7,-10,-10,1,0,0,0,1,0,0
12,4,159,19,14,17,8,2,3,2,7,-10,0,1,0,0,0,1,0,0
7,2,217,21,13,0,12,8,2,3,2,-9,-5,1,0,0,0,1,0,0
7,3,155,22,13,0,7,12,8,2,3,-8,-6,1,0,0,0,1,0,0
4,3,187,24,15,0,7,7,12,8,2,-8,-4,1,0,0,0,1,0,0
3,3,233,21,14,27,4,7,7,12,8,-7,-10,1,0,0,0,1,0,0
4,3,187,22,15,0,3,4,7,7,12,-7,-12,1,0,0,0,1,0,0
7,1,197,23,12,1,4,3,4,7,7,-6,-9,1,0,0,0,1,0,0
4,2,243,24,16,0,7,4,3,4,7,-6,-6,1,0,0,0,1,0,0
5,2,405,25,17,0,4,7,4,3,4,-5,-5,1,0,0,0,1,0,0
6,3,209,25,13,0,5,4,7,4,3,-4,-1,1,0,0,0,1,0,0
6,1,147,26,17,0,6,5,4,7,4,-4,0,1,0,0,0,1,0,0
11,2,167,27,15,0,6,6,5,4,7,-3,6,1,0,0,0,1,0,0
2,1,137,27,16,0,11,6,6,5,4,-3,5,1,0,0,0,1,0,0
6,2,140,28,17,0,2,11,6,6,5,-2,-5,1,0,0,0,1,0,0
1,3,156,28,20,0,6,2,11,6,6,-2,-14,1,0,0,0,1,0,0
1,2,298,28,18,0,1,6,2,11,6,-1,-6,1,0,0,0,1,0,0
9,3,140,28,19,0,1,1,6,2,11,0,10,1,0,0,0,1,0,0
6,1,161,28,17,0,9,1,1,6,2,0,2,1,0,0,0,1,0,0
10,4,179,29,16,0,6,9,1,1,6,7,6,1,0,0,0,1,0,0
4,2,163,29,12,0,10,6,9,1,1,7,8,1,0,0,0,1,0,0
4,1,159,29,14,0,4,10,6,9,1,7,8,1,0,0,0,1,0,0
12,2,227,29,12,0,4,4,10,6,9,7,4,1,0,0,0,1,0,0
5,2,146,28,15,0,12,4,4,10,6,7,6,1,0,0,0,1,0,0
12,1,180,28,14,0,5,12,4,4,10,7,-13,1,0,0,0,1,0,0
13,1,276,27,22,16,12,5,12,4,4,7,9,1,0,0,0,1,0,0
7,3,139,25,13,9,13,12,5,12,4,7,-5,1,0,0,0,1,0,0
2,1,152,25,11,6,7,13,12,5,12,7,19,1,0,0,0,1,0,0
18,2,247,23,16,30,2,7,13,12,5,7,5,1,0,0,0,1,0,0
11,1,136,23,11,0,18,2,7,13,12,7,8,1,0,0,0,1,0,0
10,1,253,22,12,16,11,18,2,7,13,7,11,1,0,0,0,1,0,0
7,2,258,21,9,0,10,11,18,2,7,7,12,1,0,0,0,1,0,0
10,3,187,20,12,46,7,10,11,18,2,7,1,1,0,0,0,1,0,0
12,1,275,18,18,38,10,7,10,11,18,7,10,1,0,0,0,1,0,0
8,3,137,18,13,19,12,10,7,10,11,7,5,1,0,0,0,1,0,0
10,1,172,20,9,13,8,12,10,7,10,7,-1,1,0,0,0,1,0,0
4,2,286,18,14,7,10,8,12,10,7,7,-10,1,0,0,0,1,0,0
10,2,495,17,11,17,4,10,8,12,10,7,-3,1,0,0,0,1,0,0
10,4,332,17,15,3,10,4,10,8,12,8,1,1,0,0,0,1,0,0
6,2,248,15,19,35,10,10,4,10,8,9,38,1,0,0,0,1,0,0
1,1,561,10,16,18,6,10,10,4,10,9,-3,1,0,0,0,1,0,0
5,1,420,14,10,16,1,6,10,10,4,10,-12,1,0,0,0,1,0,0
11,1,374,17,9,0,5,1,6,10,10,10,4,1,0,0,0,1,0,0
11,2,258,16,15,16,11,5,1,6,10,11,-5,1,0,0,0,1,0,0
6,3,327,17,20,9,11,11,5,1,6,12,-7,1,0,0,0,1,0,0
3,1,150,12,22,41,6,11,11,5,1,12,3,1,0,0,0,1,0,0
5,2,440,12,18,22,3,6,11,11,5,13,-2,1,0,0,0,1,0,0
3,2,554,17,15,5,5,3,6,11,11,14,-1,1,0,0,0,1,0,0
13,1,682,18,9,0,3,5,3,6,11,15,-1,1,0,0,0,1,0,0
3,1,304,17,15,6,13,3,5,3,6,16,-5,1,0,0,0,1,0,0
5,3,298,16,20,7,3,13,3,5,3,17,-11,1,0,0,0,1,0,0
4,2,423,19,13,3,5,3,13,3,5,17,-10,1,0,0,0,1,0,0
7,1,246,18,15,0,4,5,3,13,3,18,-10,1,0,0,0,1,0,0
3,1,342,17,19,28,7,4,5,3,13,18,0,1,0,0,0,1,0,0
2,2,234,19,16,1,3,7,4,5,3,19,-5,1,0,0,0,1,0,0
6,3,333,19,19,1,2,3,7,4,5,20,-6,1,0,0,0,1,0,0
4,3,149,21,14,1,6,2,3,7,4,21,-4,1,0,0,0,1,0,0
3,3,266,22,12,2,4,6,2,3,7,22,-10,1,0,0,0,1,0,0
4,1,166,25,13,3,3,4,6,2,3,23,-12,1,0,0,0,1,0,0
5,3,424,24,14,1,4,3,4,6,2,24,-9,1,0,0,0,1,0,0
4,1,521,25,16,3,5,4,3,4,6,25,-6,1,0,0,0,1,0,0
21,2,154,25,12,0,4,5,4,3,4,26,-5,1,0,0,0,1,0,0
36,3,255,24,12,0,21,4,5,4,3,26,-1,1,0,0,0,1,0,0
64,1,290,26,17,0,36,21,4,5,4,27,0,1,0,0,0,1,0,0
40,4,366,26,20,0,64,36,21,4,5,28,6,1,0,0,0,1,0,0
31,1,395,26,14,0,40,64,36,21,4,30,5,1,0,0,0,1,0,0
30,1,256,27,14,0,31,40,64,36,21,31,-5,1,0,0,0,1,0,0
20,1,170,27,14,0,30,31,40,64,36,32,-14,1,0,0,0,1,0,0
44,2,167,29,12,0,20,30,31,40,64,33,-6,1,0,0,0,1,0,0
44,3,236,29,13,0,44,20,30,31,40,34,10,1,0,0,0,1,0,0
45,2,346,30,13,0,44,44,20,30,31,35,2,1,0,0,0,1,0,0
45,3,250,30,13,0,45,44,44,20,30,36,6,1,0,0,0,1,0,0
46,2,184,29,15,0,45,45,44,44,20,37,8,1,0,0,0,1,0,0
55,1,158,29,11,0,46,45,45,44,44,38,8,1,0,0,0,1,0,0
59,1,159,29,10,0,55,46,45,45,44,39,4,1,0,0,0,1,0,0
52,1,110,30,11,0,59,55,46,45,45,40,6,1,0,0,0,1,0,0
35,2,114,29,11,0,52,59,55,46,45,40,-13,1,0,0,0,1,0,0
9,1,112,28,13,0,35,52,59,55,46,41,9,1,0,0,0,1,0,0
52,2,179,28,11,0,9,35,52,59,55,41,-5,1,0,0,0,1,0,0
55,2,161,26,14,5,52,9,35,52,59,42,19,1,0,0,0,1,0,0
73,3,163,26,10,0,55,52,9,35,52,43,5,1,0,0,0,1,0,0
62,2,169,25,12,57,73,55,52,9,35,44,8,1,0,0,0,1,0,0
52,3,291,22,11,10,62,73,55,52,9,46,11,1,0,0,0,1,0,0
67,4,285,22,10,6,52,62,73,55,52,47,12,1,0,0,0,1,0,0
58,3,326,21,9,3,67,52,62,73,55,48,1,1,0,0,0,1,0,0
51,3,241,20,8,0,58,67,52,62,73,49,10,1,0,0,0,1,0,0
62,3,193,20,10,30,51,58,67,52,62,50,5,1,0,0,0,1,0,0
50,2,279,15,12,4,62,51,58,67,52,51,-1,1,0,0,0,1,0,0
53,4,253,17,7,7,50,62,51,58,67,52,-10,1,0,0,0,1,0,0
79,3,313,17,9,17,53,50,62,51,58,53,-3,1,0,0,0,1,0,0
88,2,261,17,7,0,79,53,50,62,51,53,1,1,0,0,0,1,0,0
57,1,225,13,17,22,88,79,53,50,62,54,38,1,0,0,0,1,0,0
46,3,273,16,14,14,57,88,79,53,50,54,-3,1,0,0,0,1,0,0
74,1,315,15,17,14,46,57,88,79,53,55,-12,1,0,0,0,1,0,0
50,2,262,12,14,9,74,46,57,88,79,55,4,1,0,0,0,1,0,0
49,3,574,12,9,0,50,74,46,57,88,56,-5,1,0,0,0,1,0,0
56,3,341,15,15,0,49,50,74,46,57,57,-7,1,0,0,0,1,0,0
53,2,267,17,8,0,56,49,50,74,46,58,3,1,0,0,0,1,0,0
58,2,361,18,13,25,53,56,49,50,74,59,-2,1,0,0,0,1,0,0
58,3,338,18,9,0,58,53,56,49,50,60,-1,1,0,0,0,1,0,0
39,1,330,18,13,0,58,58,53,56,49,61,-1,1,0,0,0,1,0,0
36,1,196,18,16,11,39,58,58,53,56,62,-5,1,0,0,0,1,0,0
39,1,384,17,13,1,36,39,58,58,53,62,-11,1,0,0,0,1,0,0
42,1,345,18,14,1,39,36,39,58,58,63,-10,1,0,0,0,1,0,0
66,1,449,19,9,0,42,39,36,39,58,64,-10,1,0,0,0,1,0,0
54,1,218,21,11,21,66,42,39,36,39,66,0,1,0,0,0,1,0,0
60,4,315,20,10,7,54,66,42,39,36,68,-5,1,0,0,0,1,0,0
64,4,309,23,10,0,60,54,66,42,39,68,-6,1,0,0,0,1,0,0
53,4,289,22,13,0,64,60,54,66,42,69,-4,1,0,0,0,1,0,0
52,3,348,22,13,2,53,64,60,54,66,70,-10,1,0,0,0,1,0,0
61,3,265,26,10,0,52,53,64,60,54,71,-12,1,0,0,0,1,0,0
70,4,321,23,12,4,61,52,53,64,60,72,-9,1,0,0,0,1,0,0
77,4,195,23,12,1,70,61,52,53,64,73,-6,1,0,0,0,1,0,0
75,4,328,26,10,0,77,70,61,52,53,74,-5,1,0,0,0,1,0,0
22,2,186,14,9,0,39,34,48,28,21,24,12,1,0,0,0,0,1,0
15,3,182,16,10,26,22,39,34,48,28,25,-8,1,0,0,0,0,1,0
27,1,263,17,13,7,15,22,39,34,48,25,-15,1,0,0,0,0,1,0
30,2,277,17,16,7,27,15,22,39,34,26,-8,1,0,0,0,0,1,0
83,3,248,19,18,19,30,27,15,22,39,26,-10,1,0,0,0,0,1,0
44,2,158,16,17,22,83,30,27,15,22,27,13,1,0,0,0,0,1,0
29,4,258,18,11,1,44,83,30,27,15,27,7,1,0,0,0,0,1,0
56,2,329,17,15,0,29,44,83,30,27,28,0,1,0,0,0,0,1,0
14,4,286,19,14,0,56,29,44,83,30,28,13,1,0,0,0,0,1,0
29,4,156,19,14,17,14,56,29,44,83,29,1,1,0,0,0,0,1,0
46,2,211,21,13,0,29,14,56,29,44,29,-6,1,0,0,0,0,1,0
18,3,145,22,13,0,46,29,14,56,29,30,3,1,0,0,0,0,1,0
20,3,180,24,15,0,18,46,29,14,56,30,2,1,0,0,0,0,1,0
24,3,230,21,14,27,20,18,46,29,14,31,1,1,0,0,0,0,1,0
48,3,170,22,15,0,24,20,18,46,29,31,1,1,0,0,0,0,1,0
33,1,177,23,12,1,48,24,20,18,46,32,-3,1,0,0,0,0,1,0
41,2,232,24,16,0,33,48,24,20,18,32,-12,1,0,0,0,0,1,0
34,2,398,25,17,0,41,33,48,24,20,33,-13,1,0,0,0,0,1,0
16,3,208,25,13,0,34,41,33,48,24,33,-14,1,0,0,0,0,1,0
22,1,152,26,17,0,16,34,41,33,48,34,-23,1,0,0,0,0,1,0
34,2,163,27,15,0,22,16,34,41,33,34,-20,1,0,0,0,0,1,0
29,1,142,27,16,0,34,22,16,34,41,35,-15,1,0,0,0,0,1,0
20,2,140,28,17,0,29,34,22,16,34,35,-17,1,0,0,0,0,1,0
25,3,148,28,20,0,20,29,34,22,16,36,-26,1,0,0,0,0,1,0
6,2,294,28,18,0,25,20,29,34,22,36,-23,1,0,0,0,0,1,0
17,3,140,28,19,0,6,25,20,29,34,37,-13,1,0,0,0,0,1,0
31,1,148,28,17,0,17,6,25,20,29,37,-15,1,0,0,0,0,1,0
20,4,165,29,16,0,31,17,6,25,20,38,-22,1,0,0,0,0,1,0
25,2,152,29,12,0,20,31,17,6,25,38,-19,1,0,0,0,0,1,0
31,1,149,29,14,0,25,20,31,17,6,39,-7,1,0,0,0,0,1,0
57,2,217,29,12,0,31,25,20,31,17,39,-9,1,0,0,0,0,1,0
32,2,135,28,15,0,57,31,25,20,31,40,1,1,0,0,0,0,1,0
44,1,170,28,14,0,32,57,31,25,20,40,-3,1,0,0,0,0,1,0
45,1,264,27,22,16,44,32,57,31,25,41,9,1,0,0,0,0,1,0
6,3,129,25,13,9,45,44,32,57,31,41,-7,1,0,0,0,0,1,0
45,1,147,25,11,6,6,45,44,32,57,42,0,1,0,0,0,0,1,0
52,2,244,23,16,30,45,6,45,44,32,43,9,1,0,0,0,0,1,0
34,1,128,23,11,0,52,45,6,45,44,43,15,1,0,0,0,0,1,0
59,1,245,22,12,16,34,52,45,6,45,44,6,1,0,0,0,0,1,0
59,2,247,21,9,0,59,34,52,45,6,45,10,1,0,0,0,0,1,0
49,3,183,20,12,46,59,59,34,52,45,46,20,1,0,0,0,0,1,0
44,1,270,18,18,38,49,59,59,34,52,46,11,1,0,0,0,0,1,0
42,3,137,18,13,19,44,49,59,59,34,46,11,1,0,0,0,0,1,0
58,1,172,20,9,13,42,44,49,59,59,46,18,1,0,0,0,0,1,0
56,2,274,18,14,7,58,42,44,49,59,46,21,1,0,0,0,0,1,0
61,2,496,17,11,17,56,58,42,44,49,47,23,1,0,0,0,0,1,0
59,4,327,17,15,3,61,56,58,42,44,47,45,1,0,0,0,0,1,0
32,2,243,15,19,35,59,61,56,58,42,47,26,1,0,0,0,0,1,0
44,1,533,10,16,18,32,59,61,56,58,48,3,1,0,0,0,0,1,0
51,1,398,14,10,16,44,32,59,61,56,48,6,1,0,0,0,0,1,0
66,1,357,17,9,0,51,44,32,59,61,49,8,1,0,0,0,0,1,0
66,2,248,16,15,16,66,51,44,32,59,49,8,1,0,0,0,0,1,0
49,3,330,17,20,9,66,66,51,44,32,50,12,1,0,0,0,0,1,0
48,1,143,12,22,41,49,66,66,51,44,51,-8,1,0,0,0,0,1,0
58,2,438,12,18,22,48,49,66,66,51,51,-15,1,0,0,0,0,1,0
54,2,544,17,15,5,58,48,49,66,66,52,-8,1,0,0,0,0,1,0
76,1,676,18,9,0,54,58,48,49,66,53,-10,1,0,0,0,0,1,0
82,1,289,17,15,6,76,54,58,48,49,53,13,1,0,0,0,0,1,0
64,3,294,16,20,7,82,76,54,58,48,53,7,1,0,0,0,0,1,0
72,2,406,19,13,3,64,82,76,54,58,54,0,1,0,0,0,0,1,0
85,1,250,18,15,0,72,64,82,76,54,54,13,1,0,0,0,0,1,0
63,1,339,17,19,28,85,72,64,82,76,55,1,1,0,0,0,0,1,0
60,2,236,19,16,1,63,85,72,64,82,55,-6,1,0,0,0,0,1,0
66,3,335,19,19,1,60,63,85,72,64,56,3,1,0,0,0,0,1,0
61,3,148,21,14,1,66,60,63,85,72,56,2,1,0,0,0,0,1,0
54,3,261,22,12,2,61,66,60,63,85,57,1,1,0,0,0,0,1,0
41,1,161,25,13,3,54,61,66,60,63,57,1,1,0,0,0,0,1,0
46,3,416,24,14,1,41,54,61,66,60,58,-3,1,0,0,0,0,1,0
40,1,505,25,16,3,46,41,54,61,66,58,-12,1,0,0,0,0,1,0
48,2,148,25,12,0,40,46,41,54,61,59,-13,1,0,0,0,0,1,0
45,3,248,24,12,0,48,40,46,41,54,59,-14,1,0,0,0,0,1,0
45,1,285,26,17,0,45,48,40,46,41,60,-23,1,0,0,0,0,1,0
53,4,366,26,20,0,45,45,48,40,46,61,-20,1,0,0,0,0,1,0
54,1,399,26,14,0,53,45,45,48,40,61,-15,1,0,0,0,0,1,0
44,1,255,27,14,0,54,53,45,45,48,62,-17,1,0,0,0,0,1,0
35,1,164,27,14,0,44,54,53,45,45,63,-26,1,0,0,0,0,1,0
68,2,165,29,12,0,35,44,54,53,45,64,-23,1,0,0,0,0,1,0
69,3,226,29,13,0,68,35,44,54,53,64,-13,1,0,0,0,0,1,0
39,2,338,30,13,0,69,68,35,44,54,64,-15,1,0,0,0,0,1,0
53,3,242,30,13,0,39,69,68,35,44,63,-22,1,0,0,0,0,1,0
59,2,167,29,15,0,53,39,69,68,35,63,-19,1,0,0,0,0,1,0
57,1,156,29,11,0,59,53,39,69,68,63,-7,1,0,0,0,0,1,0
60,1,150,29,10,0,57,59,53,39,69,62,-9,1,0,0,0,0,1,0
73,1,120,30,11,0,60,57,59,53,39,61,1,1,0,0,0,0,1,0
64,2,118,29,11,0,73,60,57,59,53,60,-3,1,0,0,0,0,1,0
31,1,120,28,13,0,64,73,60,57,59,59,9,1,0,0,0,0,1,0
85,2,167,28,11,0,31,64,73,60,57,59,-7,1,0,0,0,0,1,0
60,2,154,26,14,5,85,31,64,73,60,59,0,1,0,0,0,0,1,0
73,3,149,26,10,0,60,85,31,64,73,58,9,1,0,0,0,0,1,0
62,2,157,25,12,57,73,60,85,31,64,57,15,1,0,0,0,0,1,0
78,3,283,22,11,10,62,73,60,85,31,57,6,1,0,0,0,0,1,0
78,4,275,22,10,6,78,62,73,60,85,57,10,1,0,0,0,0,1,0
76,3,319,21,9,3,78,78,62,73,60,57,20,1,0,0,0,0,1,0
69,3,234,20,8,0,76,78,78,62,73,58,11,1,0,0,0,0,1,0
87,3,178,20,10,30,69,76,78,78,62,58,11,1,0,0,0,0,1,0
91,2,264,15,12,4,87,69,76,78,78,57,18,1,0,0,0,0,1,0
79,4,236,17,7,7,91,87,69,76,78,57,21,1,0,0,0,0,1,0
107,3,288,17,9,17,79,91,87,69,76,56,23,1,0,0,0,0,1,0
91,2,245,17,7,0,107,79,91,87,69,56,45,1,0,0,0,0,1,0
82,1,207,13,17,22,91,107,79,91,87,55,26,1,0,0,0,0,1,0
76,3,261,16,14,14,82,91,107,79,91,55,3,1,0,0,0,0,1,0
72,1,287,15,17,14,76,82,91,107,79,54,6,1,0,0,0,0,1,0
57,2,235,12,14,9,72,76,82,91,107,54,8,1,0,0,0,0,1,0
66,3,552,12,9,0,57,72,76,82,91,53,8,1,0,0,0,0,1,0
38,3,329,15,15,0,66,57,72,76,82,52,12,1,0,0,0,0,1,0
28,2,250,17,8,0,38,66,57,72,76,52,-8,1,0,0,0,0,1,0
26,2,345,18,13,25,28,38,66,57,72,51,-15,1,0,0,0,0,1,0
21,3,329,18,9,0,26,28,38,66,57,51,-8,1,0,0,0,0,1,0
18,1,315,18,13,0,21,26,28,38,66,51,-10,1,0,0,0,0,1,0
33,1,188,18,16,11,18,21,26,28,38,50,13,1,0,0,0,0,1,0
46,1,392,17,13,1,33,18,21,26,28,50,7,1,0,0,0,0,1,0
51,1,350,18,14,1,46,33,18,21,26,49,0,1,0,0,0,0,1,0
45,1,441,19,9,0,51,46,33,18,21,49,13,1,0,0,0,0,1,0
32,1,204,21,11,21,45,51,46,33,18,49,1,1,0,0,0,0,1,0
46,4,298,20,10,7,32,45,51,46,33,49,-6,1,0,0,0,0,1,0
65,4,287,23,10,0,46,32,45,51,46,49,3,1,0,0,0,0,1,0
65,4,269,22,13,0,65,46,32,45,51,49,2,1,0,0,0,0,1,0
69,3,337,22,13,2,65,65,46,32,45,49,1,1,0,0,0,0,1,0
48,3,246,26,10,0,69,65,65,46,32,49,1,1,0,0,0,0,1,0
31,4,304,23,12,4,48,69,65,65,46,48,-3,1,0,0,0,0,1,0
26,4,186,23,12,1,31,48,69,65,65,48,-12,1,0,0,0,0,1,0
24,4,299,26,10,0,26,31,48,69,65,48,-13,1,0,0,0,0,1,0
16,2,160,14,9,0,52,25,46,40,40,39,14,0,1,0,0,0,0,1
46,3,163,16,10,26,16,52,25,46,40,39,6,0,1,0,0,0,0,1
37,1,246,17,13,7,46,16,52,25,46,39,4,0,1,0,0,0,0,1
31,2,264,17,16,7,37,46,16,52,25,40,4,0,1,0,0,0,0,1
50,3,231,19,18,19,31,37,46,16,52,40,-8,0,1,0,0,0,0,1
43,2,144,16,17,22,50,31,37,46,16,40,13,0,1,0,0,0,0,1
16,4,245,18,11,1,43,50,31,37,46,40,4,0,1,0,0,0,0,1
55,2,317,17,15,0,16,43,50,31,37,41,-5,0,1,0,0,0,0,1
59,4,278,19,14,0,55,16,43,50,31,41,-1,0,1,0,0,0,0,1
52,4,151,19,14,17,59,55,16,43,50,41,22,0,1,0,0,0,0,1
65,2,204,21,13,0,52,59,55,16,43,41,-6,0,1,0,0,0,0,1
26,3,135,22,13,0,65,52,59,55,16,42,9,0,1,0,0,0,0,1
53,3,171,24,15,0,26,65,52,59,55,42,-10,0,1,0,0,0,0,1
44,3,225,21,14,27,53,26,65,52,59,42,-4,0,1,0,0,0,0,1
52,3,155,22,15,0,44,53,26,65,52,43,0,0,1,0,0,0,0,1
36,1,158,23,12,1,52,44,53,26,65,43,21,0,1,0,0,0,0,1
58,2,222,24,16,0,36,52,44,53,26,43,-13,0,1,0,0,0,0,1
58,2,389,25,17,0,58,36,52,44,53,43,10,0,1,0,0,0,0,1
32,3,204,25,13,0,58,58,36,52,44,44,14,0,1,0,0,0,0,1
37,1,151,26,17,0,32,58,58,36,52,44,3,0,1,0,0,0,0,1
50,2,157,27,15,0,37,32,58,58,36,44,-1,0,1,0,0,0,0,1
55,1,142,27,16,0,50,37,32,58,58,44,-11,0,1,0,0,0,0,1
22,2,139,28,17,0,55,50,37,32,58,45,-3,0,1,0,0,0,0,1
47,3,140,28,20,0,22,55,50,37,32,45,-30,0,1,0,0,0,0,1
15,2,288,28,18,0,47,22,55,50,37,45,2,0,1,0,0,0,0,1
49,3,139,28,19,0,15,47,22,55,50,46,-4,0,1,0,0,0,0,1
32,1,139,28,17,0,49,15,47,22,55,45,12,0,1,0,0,0,0,1
26,4,152,29,16,0,32,49,15,47,22,46,5,0,1,0,0,0,0,1
63,2,140,29,12,0,26,32,49,15,47,46,-5,0,1,0,0,0,0,1
59,1,141,29,14,0,63,26,32,49,15,47,-4,0,1,0,0,0,0,1
41,2,210,29,12,0,59,63,26,32,49,47,0,0,1,0,0,0,0,1
51,2,128,28,15,0,41,59,63,26,32,47,7,0,1,0,0,0,0,1
48,1,159,28,14,0,51,41,59,63,26,48,-13,0,1,0,0,0,0,1
34,1,252,27,22,16,48,51,41,59,63,48,0,0,1,0,0,0,0,1
18,3,120,25,13,9,34,48,51,41,59,49,-3,0,1,0,0,0,0,1
59,1,142,25,11,6,18,34,48,51,41,49,9,0,1,0,0,0,0,1
37,2,241,23,16,30,59,18,34,48,51,49,7,0,1,0,0,0,0,1
51,1,121,23,11,0,37,59,18,34,48,49,1,0,1,0,0,0,0,1
53,1,234,22,12,16,51,37,59,18,34,49,10,0,1,0,0,0,0,1
50,2,237,21,9,0,53,51,37,59,18,49,2,0,1,0,0,0,0,1
34,3,176,20,12,46,50,53,51,37,59,50,17,0,1,0,0,0,0,1
55,1,262,18,18,38,34,50,53,51,37,50,-21,0,1,0,0,0,0,1
50,3,134,18,13,19,55,34,50,53,51,50,11,0,1,0,0,0,0,1
71,1,168,20,9,13,50,55,34,50,53,50,-3,0,1,0,0,0,0,1
54,2,261,18,14,7,71,50,55,34,50,50,-2,0,1,0,0,0,0,1
63,2,491,17,11,17,54,71,50,55,34,50,-15,0,1,0,0,0,0,1
25,4,319,17,15,3,63,54,71,50,55,51,5,0,1,0,0,0,0,1
60,2,237,15,19,35,25,63,54,71,50,51,-35,0,1,0,0,0,0,1
55,1,512,10,16,18,60,25,63,54,71,51,0,0,1,0,0,0,0,1
47,1,378,14,10,16,55,60,25,63,54,52,6,0,1,0,0,0,0,1
42,1,342,17,9,0,47,55,60,25,63,52,-9,0,1,0,0,0,0,1
81,2,238,16,15,16,42,47,55,60,25,52,-12,0,1,0,0,0,0,1
55,3,328,17,20,9,81,42,47,55,60,53,14,0,1,0,0,0,0,1
69,1,138,12,22,41,55,81,42,47,55,54,6,0,1,0,0,0,0,1
53,2,435,12,18,22,69,55,81,42,47,54,4,0,1,0,0,0,0,1
32,2,529,17,15,5,53,69,55,81,42,55,4,0,1,0,0,0,0,1
89,1,669,18,9,0,32,53,69,55,81,54,-8,0,1,0,0,0,0,1
49,1,278,17,15,6,89,32,53,69,55,54,13,0,1,0,0,0,0,1
72,3,287,16,20,7,49,89,32,53,69,54,4,0,1,0,0,0,0,1
44,2,393,19,13,3,72,49,89,32,53,55,-5,0,1,0,0,0,0,1
81,1,250,18,15,0,44,72,49,89,32,55,-1,0,1,0,0,0,0,1
35,1,333,17,19,28,81,44,72,49,89,55,22,0,1,0,0,0,0,1
73,2,235,19,16,1,35,81,44,72,49,56,-6,0,1,0,0,0,0,1
49,3,333,19,19,1,73,35,81,44,72,56,9,0,1,0,0,0,0,1
55,3,145,21,14,1,49,73,35,81,44,56,-10,0,1,0,0,0,0,1
54,3,252,22,12,2,55,49,73,35,81,57,-4,0,1,0,0,0,0,1
49,1,155,25,13,3,54,55,49,73,35,57,0,0,1,0,0,0,0,1
42,3,406,24,14,1,49,54,55,49,73,57,21,0,1,0,0,0,0,1
61,1,488,25,16,3,42,49,54,55,49,58,-13,0,1,0,0,0,0,1
70,2,141,25,12,0,61,42,49,54,55,58,10,0,1,0,0,0,0,1
68,3,239,24,12,0,70,61,42,49,54,58,14,0,1,0,0,0,0,1
61,1,274,26,17,0,68,70,61,42,49,58,3,0,1,0,0,0,0,1
58,4,360,26,20,0,61,68,70,61,42,58,-1,0,1,0,0,0,0,1
77,1,396,26,14,0,58,61,68,70,61,59,-11,0,1,0,0,0,0,1
59,1,252,27,14,0,77,58,61,68,70,59,-3,0,1,0,0,0,0,1
23,1,159,27,14,0,59,77,58,61,68,59,-30,0,1,0,0,0,0,1
68,2,160,29,12,0,23,59,77,58,61,59,2,0,1,0,0,0,0,1
79,3,215,29,13,0,68,23,59,77,58,60,-4,0,1,0,0,0,0,1
60,2,328,30,13,0,79,68,23,59,77,60,12,0,1,0,0,0,0,1
66,3,234,30,13,0,60,79,68,23,59,60,5,0,1,0,0,0,0,1
50,2,152,29,15,0,66,60,79,68,23,61,-5,0,1,0,0,0,0,1
49,1,153,29,11,0,50,66,60,79,68,61,-4,0,1,0,0,0,0,1
49,1,143,29,10,0,49,50,66,60,79,62,0,0,1,0,0,0,0,1
45,1,125,30,11,0,49,49,50,66,60,62,7,0,1,0,0,0,0,1
72,2,120,29,11,0,45,49,49,50,66,62,-13,0,1,0,0,0,0,1
8,1,124,28,13,0,72,45,49,49,50,63,0,0,1,0,0,0,0,1
92,2,154,28,11,0,8,72,45,49,49,63,-3,0,1,0,0,0,0,1
68,2,145,26,14,5,92,8,72,45,49,64,9,0,1,0,0,0,0,1
52,3,136,26,10,0,68,92,8,72,45,64,7,0,1,0,0,0,0,1
59,2,145,25,12,57,52,68,92,8,72,65,1,0,1,0,0,0,0,1
60,3,271,22,11,10,59,52,68,92,8,65,10,0,1,0,0,0,0,1
72,4,263,22,10,6,60,59,52,68,92,65,2,0,1,0,0,0,0,1
52,3,310,21,9,3,72,60,59,52,68,66,17,0,1,0,0,0,0,1
74,3,224,20,8,0,52,72,60,59,52,67,-21,0,1,0,0,0,0,1
73,3,162,20,10,30,74,52,72,60,59,68,11,0,1,0,0,0,0,1
63,2,246,15,12,4,73,74,52,72,60,69,-3,0,1,0,0,0,0,1
51,4,217,17,7,7,63,73,74,52,72,70,-2,0,1,0,0,0,0,1
90,3,265,17,9,17,51,63,73,74,52,70,-15,0,1,0,0,0,0,1
42,2,228,17,7,0,90,51,63,73,74,71,5,0,1,0,0,0,0,1
61,1,188,13,17,22,42,90,51,63,73,71,-35,0,1,0,0,0,0,1
79,3,248,16,14,14,61,42,90,51,63,71,0,0,1,0,0,0,0,1
58,1,261,15,17,14,79,61,42,90,51,70,6,0,1,0,0,0,0,1
59,2,208,12,14,9,58,79,61,42,90,71,-9,0,1,0,0,0,0,1
72,3,529,12,9,0,59,58,79,61,42,72,-12,0,1,0,0,0,0,1
113,3,317,15,15,0,72,59,58,79,61,73,14,0,1,0,0,0,0,1
65,2,233,17,8,0,113,72,59,58,79,74,6,0,1,0,0,0,0,1
90,2,326,18,13,25,65,113,72,59,58,75,4,0,1,0,0,0,0,1
82,3,316,18,9,0,90,65,113,72,59,75,4,0,1,0,0,0,0,1
70,1,298,18,13,0,82,90,65,113,72,76,-8,0,1,0,0,0,0,1
94,1,177,18,16,11,70,82,90,65,113,77,13,0,1,0,0,0,0,1
69,1,389,17,13,1,94,70,82,90,65,78,4,0,1,0,0,0,0,1
73,1,346,18,14,1,69,94,70,82,90,79,-5,0,1,0,0,0,0,1
103,1,427,19,9,0,73,69,94,70,82,80,-1,0,1,0,0,0,0,1
76,1,186,21,11,21,103,73,69,94,70,82,22,0,1,0,0,0,0,1
69,4,279,20,10,7,76,103,73,69,94,83,-6,0,1,0,0,0,0,1
79,4,265,23,10,0,69,76,103,73,69,84,9,0,1,0,0,0,0,1
65,4,248,22,13,0,79,69,76,103,73,85,-10,0,1,0,0,0,0,1
89,3,322,22,13,2,65,79,69,76,103,87,-4,0,1,0,0,0,0,1
150,3,225,26,10,0,89,65,79,69,76,88,0,0,1,0,0,0,0,1
73,4,284,23,12,4,150,89,65,79,69,89,21,0,1,0,0,0,0,1
102,4,173,23,12,1,73,150,89,65,79,89,-13,0,1,0,0,0,0,1
105,4,271,26,10,0,102,73,150,89,65,90,10,0,1,0,0,0,0,1
9,2,219,14,9,0,13,10,13,12,4,-15,0,0,1,0,0,1,0,0
9,3,205,16,10,26,9,13,10,13,12,-15,13,0,1,0,0,1,0,0
7,1,286,17,13,7,9,9,13,10,13,-14,-2,0,1,0,0,1,0,0
6,2,294,17,16,7,7,9,9,13,10,-13,1,0,1,0,0,1,0,0
20,3,265,19,18,19,6,7,9,9,13,-12,2,0,1,0,0,1,0,0
11,2,174,16,17,22,20,6,7,9,9,-11,4,0,1,0,0,1,0,0
10,4,272,18,11,1,11,20,6,7,9,-11,0,0,1,0,0,1,0,0
14,2,344,17,15,0,10,11,20,6,7,-10,-8,0,1,0,0,1,0,0
13,4,291,19,14,0,14,10,11,20,6,-9,-2,0,1,0,0,1,0,0
15,4,159,19,14,17,13,14,10,11,20,-8,-2,0,1,0,0,1,0,0
17,2,217,21,13,0,15,13,14,10,11,-7,-4,0,1,0,0,1,0,0
8,3,155,22,13,0,17,15,13,14,10,-7,-5,0,1,0,0,1,0,0
8,3,187,24,15,0,8,17,15,13,14,-6,-10,0,1,0,0,1,0,0
20,3,233,21,14,27,8,8,17,15,13,-5,-12,0,1,0,0,1,0,0
19,3,187,22,15,0,20,8,8,17,15,-4,-8,0,1,0,0,1,0,0
13,1,197,23,12,1,19,20,8,8,17,-3,-4,0,1,0,0,1,0,0
15,2,243,24,16,0,13,19,20,8,8,-3,-6,0,1,0,0,1,0,0
17,2,405,25,17,0,15,13,19,20,8,-2,-4,0,1,0,0,1,0,0
17,3,209,25,13,0,17,15,13,19,20,-1,-11,0,1,0,0,1,0,0
9,1,147,26,17,0,17,17,15,13,19,0,19,0,1,0,0,1,0,0
6,2,167,27,15,0,9,17,17,15,13,1,10,0,1,0,0,1,0,0
8,1,137,27,16,0,6,9,17,17,15,1,-6,0,1,0,0,1,0,0
7,2,140,28,17,0,8,6,9,17,17,2,5,0,1,0,0,1,0,0
15,3,156,28,20,0,7,8,6,9,17,3,-5,0,1,0,0,1,0,0
10,2,298,28,18,0,15,7,8,6,9,4,1,0,1,0,0,1,0,0
1,3,140,28,19,0,10,15,7,8,6,4,11,0,1,0,0,1,0,0
13,1,161,28,17,0,1,10,15,7,8,13,8,0,1,0,0,1,0,0
13,4,179,29,16,0,13,1,10,15,7,14,1,0,1,0,0,1,0,0
7,2,163,29,12,0,13,13,1,10,15,14,1,0,1,0,0,1,0,0
12,1,159,29,14,0,7,13,13,1,10,14,3,0,1,0,0,1,0,0
4,2,227,29,12,0,12,7,13,13,1,14,-4,0,1,0,0,1,0,0
22,2,146,28,15,0,4,12,7,13,13,14,-4,0,1,0,0,1,0,0
6,1,180,28,14,0,22,4,12,7,13,14,-13,0,1,0,0,1,0,0
21,1,276,27,22,16,6,22,4,12,7,14,0,0,1,0,0,1,0,0
13,3,139,25,13,9,21,6,22,4,12,13,-10,0,1,0,0,1,0,0
6,1,152,25,11,6,13,21,6,22,4,14,7,0,1,0,0,1,0,0
28,2,247,23,16,30,6,13,21,6,22,14,-5,0,1,0,0,1,0,0
28,1,136,23,11,0,28,6,13,21,6,14,8,0,1,0,0,1,0,0
22,1,253,22,12,16,28,28,6,13,21,14,16,0,1,0,0,1,0,0
11,2,258,21,9,0,22,28,28,6,13,14,6,0,1,0,0,1,0,0
29,3,187,20,12,46,11,22,28,28,6,14,-11,0,1,0,0,1,0,0
24,1,275,18,18,38,29,11,22,28,28,13,13,0,1,0,0,1,0,0
27,3,137,18,13,19,24,29,11,22,28,13,-2,0,1,0,0,1,0,0
10,1,172,20,9,13,27,24,29,11,22,13,1,0,1,0,0,1,0,0
30,2,286,18,14,7,10,27,24,29,11,13,-4,0,1,0,0,1,0,0
14,2,495,17,11,17,30,10,27,24,29,14,8,0,1,0,0,1,0,0
12,4,332,17,15,3,14,30,10,27,24,15,-2,0,1,0,0,1,0,0
6,2,248,15,19,35,12,14,30,10,27,16,47,0,1,0,0,1,0,0
1,1,561,10,16,18,6,12,14,30,10,18,-15,0,1,0,0,1,0,0
7,1,420,14,10,16,1,6,12,14,30,19,-4,0,1,0,0,1,0,0
20,1,374,17,9,0,7,1,6,12,14,20,-6,0,1,0,0,1,0,0
11,2,258,16,15,16,20,7,1,6,12,20,-17,0,1,0,0,1,0,0
21,3,327,17,20,9,11,20,7,1,6,22,0,0,1,0,0,1,0,0
1,1,150,12,22,41,21,11,20,7,1,24,13,0,1,0,0,1,0,0
9,2,440,12,18,22,1,21,11,20,7,25,-2,0,1,0,0,1,0,0
15,2,554,17,15,5,9,1,21,11,20,26,1,0,1,0,0,1,0,0
12,1,682,18,9,0,15,9,1,21,11,27,2,0,1,0,0,1,0,0
12,1,304,17,15,6,12,15,9,1,21,28,4,0,1,0,0,1,0,0
3,3,298,16,20,7,12,12,15,9,1,29,0,0,1,0,0,1,0,0
17,2,423,19,13,3,3,12,12,15,9,30,-8,0,1,0,0,1,0,0
16,1,246,18,15,0,17,3,12,12,15,31,-2,0,1,0,0,1,0,0
14,1,342,17,19,28,16,17,3,12,12,32,-2,0,1,0,0,1,0,0
17,2,234,19,16,1,14,16,17,3,12,33,-4,0,1,0,0,1,0,0
8,3,333,19,19,1,17,14,16,17,3,35,-5,0,1,0,0,1,0,0
9,3,149,21,14,1,8,17,14,16,17,36,-10,0,1,0,0,1,0,0
13,3,266,22,12,2,9,8,17,14,16,37,-12,0,1,0,0,1,0,0
17,1,166,25,13,3,13,9,8,17,14,38,-8,0,1,0,0,1,0,0
7,3,424,24,14,1,17,13,9,8,17,39,-4,0,1,0,0,1,0,0
9,1,521,25,16,3,7,17,13,9,8,40,-6,0,1,0,0,1,0,0
23,2,154,25,12,0,9,7,17,13,9,41,-4,0,1,0,0,1,0,0
96,3,255,24,12,0,23,9,7,17,13,42,-11,0,1,0,0,1,0,0
71,1,290,26,17,0,96,23,9,7,17,43,19,0,1,0,0,1,0,0
47,4,366,26,20,0,71,96,23,9,7,45,10,0,1,0,0,1,0,0
84,1,395,26,14,0,47,71,96,23,9,46,-6,0,1,0,0,1,0,0
67,1,256,27,14,0,84,47,71,96,23,47,5,0,1,0,0,1,0,0
28,1,170,27,14,0,67,84,47,71,96,48,-5,0,1,0,0,1,0,0
91,2,167,29,12,0,28,67,84,47,71,50,1,0,1,0,0,1,0,0
96,3,236,29,13,0,91,28,67,84,47,51,11,0,1,0,0,1,0,0
73,2,346,30,13,0,96,91,28,67,84,51,8,0,1,0,0,1,0,0
78,3,250,30,13,0,73,96,91,28,67,52,1,0,1,0,0,1,0,0
69,2,184,29,15,0,78,73,96,91,28,54,1,0,1,0,0,1,0,0
71,1,158,29,11,0,69,78,73,96,91,55,3,0,1,0,0,1,0,0
68,1,159,29,10,0,71,69,78,73,96,56,-4,0,1,0,0,1,0,0
56,1,110,30,11,0,68,71,69,78,73,57,-4,0,1,0,0,1,0,0
79,2,114,29,11,0,56,68,71,69,78,58,-13,0,1,0,0,1,0,0
23,1,112,28,13,0,79,56,68,71,69,59,0,0,1,0,0,1,0,0
87,2,179,28,11,0,23,79,56,68,71,60,-10,0,1,0,0,1,0,0
88,2,161,26,14,5,87,23,79,56,68,61,7,0,1,0,0,1,0,0
79,3,163,26,10,0,88,87,23,79,56,62,-5,0,1,0,0,1,0,0
100,2,169,25,12,57,79,88,87,23,79,62,8,0,1,0,0,1,0,0
78,3,291,22,11,10,100,79,88,87,23,63,16,0,1,0,0,1,0,0
54,4,285,22,10,6,78,100,79,88,87,64,6,0,1,0,0,1,0,0
88,3,326,21,9,3,54,78,100,79,88,64,-11,0,1,0,0,1,0,0
64,3,241,20,8,0,88,54,78,100,79,65,13,0,1,0,0,1,0,0
73,3,193,20,10,30,64,88,54,78,100,66,-2,0,1,0,0,1,0,0
90,2,279,15,12,4,73,64,88,54,78,67,1,0,1,0,0,1,0,0
93,4,253,17,7,7,90,73,64,88,54,68,-4,0,1,0,0,1,0,0
89,3,313,17,9,17,93,90,73,64,88,68,8,0,1,0,0,1,0,0
82,2,261,17,7,0,89,93,90,73,64,67,-2,0,1,0,0,1,0,0
52,1,225,13,17,22,82,89,93,90,73,67,47,0,1,0,0,1,0,0
81,3,273,16,14,14,52,82,89,93,90,67,-15,0,1,0,0,1,0,0
71,1,315,15,17,14,81,52,82,89,93,66,-4,0,1,0,0,1,0,0
38,2,262,12,14,9,71,81,52,82,89,67,-6,0,1,0,0,1,0,0
55,3,574,12,9,0,38,71,81,52,82,67,-17,0,1,0,0,1,0,0
91,3,341,15,15,0,55,38,71,81,52,66,0,0,1,0,0,1,0,0
66,2,267,17,8,0,91,55,38,71,81,66,13,0,1,0,0,1,0,0
70,2,361,18,13,25,66,91,55,38,71,66,-2,0,1,0,0,1,0,0
70,3,338,18,9,0,70,66,91,55,38,65,1,0,1,0,0,1,0,0
67,1,330,18,13,0,70,70,66,91,55,65,2,0,1,0,0,1,0,0
66,1,196,18,16,11,67,70,70,66,91,65,4,0,1,0,0,1,0,0
55,1,384,17,13,1,66,67,70,70,66,65,0,0,1,0,0,1,0,0
57,1,345,18,14,1,55,66,67,70,70,65,-8,0,1,0,0,1,0,0
59,1,449,19,9,0,57,55,66,67,70,65,-2,0,1,0,0,1,0,0
56,1,218,21,11,21,59,57,55,66,67,65,-2,0,1,0,0,1,0,0
48,4,315,20,10,7,56,59,57,55,66,65,-4,0,1,0,0,1,0,0
54,4,309,23,10,0,48,56,59,57,55,64,-5,0,1,0,0,1,0,0
49,4,289,22,13,0,54,48,56,59,57,64,-10,0,1,0,0,1,0,0
46,3,348,22,13,2,49,54,48,56,59,64,-12,0,1,0,0,1,0,0
57,3,265,26,10,0,46,49,54,48,56,64,-8,0,1,0,0,1,0,0
68,4,321,23,12,4,57,46,49,54,48,64,-4,0,1,0,0,1,0,0
72,4,195,23,12,1,68,57,46,49,54,64,-6,0,1,0,0,1,0,0
37,4,328,26,10,0,72,68,57,46,49,64,-4,0,1,0,0,1,0,0
33,3,248,19,18,19,31,45,46,48,39,39,-15,0,1,0,0,0,1,0
51,2,158,16,17,22,33,31,45,46,48,39,-20,0,1,0,0,0,1,0
47,4,258,18,11,1,51,33,31,45,46,39,4,0,1,0,0,0,1,0
58,2,329,17,15,0,47,51,33,31,45,39,7,0,1,0,0,0,1,0
44,4,286,19,14,0,58,47,51,33,31,39,0,0,1,0,0,0,1,0
52,4,156,19,14,17,44,58,47,51,33,39,7,0,1,0,0,0,1,0
60,2,211,21,13,0,52,44,58,47,51,40,17,0,1,0,0,0,1,0
61,3,145,22,13,0,60,52,44,58,47,40,9,0,1,0,0,0,1,0
42,3,180,24,15,0,61,60,52,44,58,40,8,0,1,0,0,0,1,0
48,3,230,21,14,27,42,61,60,52,44,40,13,0,1,0,0,0,1,0
60,3,170,22,15,0,48,42,61,60,52,40,4,0,1,0,0,0,1,0
51,1,177,23,12,1,60,48,42,61,60,40,13,0,1,0,0,0,1,0
61,2,232,24,16,0,51,60,48,42,61,40,13,0,1,0,0,0,1,0
56,2,398,25,17,0,61,51,60,48,42,40,13,0,1,0,0,0,1,0
62,3,208,25,13,0,56,61,51,60,48,41,17,0,1,0,0,0,1,0
61,1,152,26,17,0,62,56,61,51,60,41,4,0,1,0,0,0,1,0
36,2,163,27,15,0,61,62,56,61,51,41,3,0,1,0,0,0,1,0
50,1,142,27,16,0,36,61,62,56,61,41,-4,0,1,0,0,0,1,0
26,2,140,28,17,0,50,36,61,62,56,41,-12,0,1,0,0,0,1,0
40,3,148,28,20,0,26,50,36,61,62,41,-28,0,1,0,0,0,1,0
18,2,294,28,18,0,40,26,50,36,61,41,8,0,1,0,0,0,1,0
51,3,140,28,19,0,18,40,26,50,36,42,13,0,1,0,0,0,1,0
38,1,148,28,17,0,51,18,40,26,50,42,12,0,1,0,0,0,1,0
41,4,165,29,16,0,38,51,18,40,26,42,1,0,1,0,0,0,1,0
48,2,152,29,12,0,41,38,51,18,40,42,4,0,1,0,0,0,1,0
32,1,149,29,14,0,48,41,38,51,18,42,8,0,1,0,0,0,1,0
51,2,217,29,12,0,32,48,41,38,51,44,-2,0,1,0,0,0,1,0
36,2,135,28,15,0,51,32,48,41,38,44,1,0,1,0,0,0,1,0
36,1,170,28,14,0,36,51,32,48,41,44,-15,0,1,0,0,0,1,0
42,1,264,27,22,16,36,36,51,32,48,44,-8,0,1,0,0,0,1,0
23,3,129,25,13,9,42,36,36,51,32,44,-11,0,1,0,0,0,1,0
60,1,147,25,11,6,23,42,36,36,51,44,1,0,1,0,0,0,1,0
47,2,244,23,16,30,60,23,42,36,36,45,12,0,1,0,0,0,1,0
37,1,128,23,11,0,47,60,23,42,36,44,8,0,1,0,0,0,1,0
50,1,245,22,12,16,37,47,60,23,42,44,7,0,1,0,0,0,1,0
50,2,247,21,9,0,50,37,47,60,23,44,-1,0,1,0,0,0,1,0
87,3,183,20,12,46,50,50,37,47,60,44,5,0,1,0,0,0,1,0
43,1,270,18,18,38,87,50,50,37,47,44,13,0,1,0,0,0,1,0
53,3,137,18,13,19,43,87,50,50,37,44,-9,0,1,0,0,0,1,0
28,1,172,20,9,13,53,43,87,50,50,44,3,0,1,0,0,0,1,0
44,2,274,18,14,7,28,53,43,87,50,44,-10,0,1,0,0,0,1,0
28,2,496,17,11,17,44,28,53,43,87,44,-3,0,1,0,0,0,1,0
44,4,327,17,15,3,28,44,28,53,43,44,-10,0,1,0,0,0,1,0
10,2,243,15,19,35,44,28,44,28,53,44,-7,0,1,0,0,0,1,0
38,1,533,10,16,18,10,44,28,44,28,44,-19,0,1,0,0,0,1,0
29,1,398,14,10,16,38,10,44,28,44,43,-7,0,1,0,0,0,1,0
48,1,357,17,9,0,29,38,10,44,28,43,-3,0,1,0,0,0,1,0
40,2,248,16,15,16,48,29,38,10,44,43,10,0,1,0,0,0,1,0
36,3,330,17,20,9,40,48,29,38,10,44,1,0,1,0,0,0,1,0
34,1,143,12,22,41,36,40,48,29,38,44,-15,0,1,0,0,0,1,0
48,2,438,12,18,22,34,36,40,48,29,44,-22,0,1,0,0,0,1,0
44,2,544,17,15,5,48,34,36,40,48,44,-18,0,1,0,0,0,1,0
16,1,676,18,9,0,44,48,34,36,40,44,-15,0,1,0,0,0,1,0
66,1,289,17,15,6,16,44,48,34,36,44,-20,0,1,0,0,0,1,0
51,3,294,16,20,7,66,16,44,48,34,45,4,0,1,0,0,0,1,0
30,2,406,19,13,3,51,66,16,44,48,45,7,0,1,0,0,0,1,0
65,1,250,18,15,0,30,51,66,16,44,45,0,0,1,0,0,0,1,0
67,1,339,17,19,28,65,30,51,66,16,45,7,0,1,0,0,0,1,0
38,2,236,19,16,1,67,65,30,51,66,46,17,0,1,0,0,0,1,0
35,3,335,19,19,1,38,67,65,30,51,46,9,0,1,0,0,0,1,0
65,3,148,21,14,1,35,38,67,65,30,46,8,0,1,0,0,0,1,0
54,3,261,22,12,2,65,35,38,67,65,47,13,0,1,0,0,0,1,0
44,1,161,25,13,3,54,65,35,38,67,47,4,0,1,0,0,0,1,0
47,3,416,24,14,1,44,54,65,35,38,47,13,0,1,0,0,0,1,0
50,1,505,25,16,3,47,44,54,65,35,47,13,0,1,0,0,0,1,0
64,2,148,25,12,0,50,47,44,54,65,47,13,0,1,0,0,0,1,0
74,3,248,24,12,0,64,50,47,44,54,47,17,0,1,0,0,0,1,0
39,1,285,26,17,0,74,64,50,47,44,48,4,0,1,0,0,0,1,0
40,4,366,26,20,0,39,74,64,50,47,48,3,0,1,0,0,0,1,0
29,1,399,26,14,0,40,39,74,64,50,49,-4,0,1,0,0,0,1,0
11,1,255,27,14,0,29,40,39,74,64,49,-12,0,1,0,0,0,1,0
24,1,164,27,14,0,11,29,40,39,74,50,-28,0,1,0,0,0,1,0
68,2,165,29,12,0,24,11,29,40,39,50,8,0,1,0,0,0,1,0
58,3,226,29,13,0,68,24,11,29,40,51,13,0,1,0,0,0,1,0
37,2,338,30,13,0,58,68,24,11,29,51,12,0,1,0,0,0,1,0
60,3,242,30,13,0,37,58,68,24,11,51,1,0,1,0,0,0,1,0
41,2,167,29,15,0,60,37,58,68,24,51,4,0,1,0,0,0,1,0
47,1,156,29,11,0,41,60,37,58,68,51,8,0,1,0,0,0,1,0
56,1,150,29,10,0,47,41,60,37,58,50,-2,0,1,0,0,0,1,0
51,1,120,30,11,0,56,47,41,60,37,50,1,0,1,0,0,0,1,0
62,2,118,29,11,0,51,56,47,41,60,50,-15,0,1,0,0,0,1,0
22,1,120,28,13,0,62,51,56,47,41,50,-8,0,1,0,0,0,1,0
63,2,167,28,11,0,22,62,51,56,47,50,-11,0,1,0,0,0,1,0
53,2,154,26,14,5,63,22,62,51,56,50,1,0,1,0,0,0,1,0
67,3,149,26,10,0,53,63,22,62,51,50,12,0,1,0,0,0,1,0
74,2,157,25,12,57,67,53,63,22,62,51,8,0,1,0,0,0,1,0
64,3,283,22,11,10,74,67,53,63,22,52,7,0,1,0,0,0,1,0
68,4,275,22,10,6,64,74,67,53,63,52,-1,0,1,0,0,0,1,0
54,3,319,21,9,3,68,64,74,67,53,52,5,0,1,0,0,0,1,0
53,3,234,20,8,0,54,68,64,74,67,53,13,0,1,0,0,0,1,0
60,3,178,20,10,30,53,54,68,64,74,53,-9,0,1,0,0,0,1,0
67,2,264,15,12,4,60,53,54,68,64,54,3,0,1,0,0,0,1,0
74,4,236,17,7,7,67,60,53,54,68,54,-10,0,1,0,0,0,1,0
55,3,288,17,9,17,74,67,60,53,54,54,-3,0,1,0,0,0,1,0
52,2,245,17,7,0,55,74,67,60,53,54,-10,0,1,0,0,0,1,0
49,1,207,13,17,22,52,55,74,67,60,54,-7,0,1,0,0,0,1,0
45,3,261,16,14,14,49,52,55,74,67,54,-19,0,1,0,0,0,1,0
62,1,287,15,17,14,45,49,52,55,74,55,-7,0,1,0,0,0,1,0
71,2,235,12,14,9,62,45,49,52,55,56,-3,0,1,0,0,0,1,0
63,3,552,12,9,0,71,62,45,49,52,57,10,0,1,0,0,0,1,0
36,3,329,15,15,0,63,71,62,45,49,57,1,0,1,0,0,0,1,0
23,2,250,17,8,0,36,63,71,62,45,58,-15,0,1,0,0,0,1,0
19,2,345,18,13,25,23,36,63,71,62,59,-22,0,1,0,0,0,1,0
22,3,329,18,9,0,19,23,36,63,71,59,-18,0,1,0,0,0,1,0
32,1,315,18,13,0,22,19,23,36,63,60,-15,0,1,0,0,0,1,0
38,1,188,18,16,11,32,22,19,23,36,60,-20,0,1,0,0,0,1,0
64,1,392,17,13,1,38,32,22,19,23,60,4,0,1,0,0,0,1,0
54,1,350,18,14,1,64,38,32,22,19,59,7,0,1,0,0,0,1,0
54,1,441,19,9,0,54,64,38,32,22,60,0,0,1,0,0,0,1,0
76,1,204,21,11,21,54,54,64,38,32,60,7,0,1,0,0,0,1,0
74,4,298,20,10,7,76,54,54,64,38,60,17,0,1,0,0,0,1,0
74,4,287,23,10,0,74,76,54,54,64,61,9,0,1,0,0,0,1,0
79,4,269,22,13,0,74,74,76,54,54,61,8,0,1,0,0,0,1,0
57,3,337,22,13,2,79,74,74,76,54,61,13,0,1,0,0,0,1,0
80,3,246,26,10,0,57,79,74,74,76,60,4,0,1,0,0,0,1,0
88,4,304,23,12,4,80,57,79,74,74,60,13,0,1,0,0,0,1,0
75,4,186,23,12,1,88,80,57,79,74,60,13,0,1,0,0,0,1,0
78,4,299,26,10,0,75,88,80,57,79,60,13,0,1,0,0,0,1,0
62,2,160,14,9,0,67,51,69,21,45,71,19,0,0,1,0,0,0,1
106,3,163,16,10,26,62,67,51,69,21,71,9,0,0,1,0,0,0,1
60,1,246,17,13,7,106,62,67,51,69,71,37,0,0,1,0,0,0,1
49,2,264,17,16,7,60,106,62,67,51,70,8,0,0,1,0,0,0,1
82,3,231,19,18,19,49,60,106,62,67,70,21,0,0,1,0,0,0,1
106,2,144,16,17,22,82,49,60,106,62,70,15,0,0,1,0,0,0,1
61,4,245,18,11,1,106,82,49,60,106,70,21,0,0,1,0,0,0,1
89,2,317,17,15,0,61,106,82,49,60,70,5,0,0,1,0,0,0,1
80,4,278,19,14,0,89,61,106,82,49,70,10,0,0,1,0,0,0,1
68,4,151,19,14,17,80,89,61,106,82,70,-1,0,0,1,0,0,0,1
70,2,204,21,13,0,68,80,89,61,106,70,8,0,0,1,0,0,0,1
58,3,135,22,13,0,70,68,80,89,61,70,11,0,0,1,0,0,0,1
65,3,171,24,15,0,58,70,68,80,89,70,-5,0,0,1,0,0,0,1
114,3,225,21,14,27,65,58,70,68,80,70,3,0,0,1,0,0,0,1
94,3,155,22,15,0,114,65,58,70,68,70,17,0,0,1,0,0,0,1
103,1,158,23,12,1,94,114,65,58,70,70,10,0,0,1,0,0,0,1
95,2,222,24,16,0,103,94,114,65,58,70,19,0,0,1,0,0,0,1
114,2,389,25,17,0,95,103,94,114,65,70,5,0,0,1,0,0,0,1
67,3,204,25,13,0,114,95,103,94,114,69,21,0,0,1,0,0,0,1
51,1,151,26,17,0,67,114,95,103,94,69,2,0,0,1,0,0,0,1
58,2,157,27,15,0,51,67,114,95,103,69,-3,0,0,1,0,0,0,1
86,1,142,27,16,0,58,51,67,114,95,69,-12,0,0,1,0,0,0,1
50,2,139,28,17,0,86,58,51,67,114,69,-9,0,0,1,0,0,0,1
44,3,140,28,20,0,50,86,58,51,67,69,-32,0,0,1,0,0,0,1
38,2,288,28,18,0,44,50,86,58,51,69,-25,0,0,1,0,0,0,1
39,3,139,28,19,0,38,44,50,86,58,69,-32,0,0,1,0,0,0,1
39,1,139,28,17,0,39,38,44,50,86,69,-21,0,0,1,0,0,0,1
60,4,152,29,16,0,39,39,38,44,50,69,-27,0,0,1,0,0,0,1
68,2,140,29,12,0,60,39,39,38,44,69,-11,0,0,1,0,0,0,1
78,1,141,29,14,0,68,60,39,39,38,69,-22,0,0,1,0,0,0,1
61,2,210,29,12,0,78,68,60,39,39,70,-14,0,0,1,0,0,0,1
62,2,128,28,15,0,61,78,68,60,39,70,-8,0,0,1,0,0,0,1
51,1,159,28,14,0,62,61,78,68,60,70,-23,0,0,1,0,0,0,1
52,1,252,27,22,16,51,62,61,78,68,70,-12,0,0,1,0,0,0,1
16,3,120,25,13,9,52,51,62,61,78,70,-19,0,0,1,0,0,0,1
63,1,142,25,11,6,16,52,51,62,61,69,-16,0,0,1,0,0,0,1
64,2,241,23,16,30,63,16,52,51,62,69,2,0,0,1,0,0,0,1
75,1,121,23,11,0,64,63,16,52,51,69,4,0,0,1,0,0,0,1
50,1,234,22,12,16,75,64,63,16,52,69,5,0,0,1,0,0,0,1
73,2,237,21,9,0,50,75,64,63,16,69,-3,0,0,1,0,0,0,1
88,3,176,20,12,46,73,50,75,64,63,69,12,0,0,1,0,0,0,1
51,1,262,18,18,38,88,73,50,75,64,68,4,0,0,1,0,0,0,1
67,3,134,18,13,19,51,88,73,50,75,67,-3,0,0,1,0,0,0,1
68,1,168,20,9,13,67,51,88,73,50,67,4,0,0,1,0,0,0,1
74,2,261,18,14,7,68,67,51,88,73,66,10,0,0,1,0,0,0,1
56,2,491,17,11,17,74,68,67,51,88,66,20,0,0,1,0,0,0,1
64,4,319,17,15,3,56,74,68,67,51,67,-4,0,0,1,0,0,0,1
64,2,237,15,19,35,64,56,74,68,67,67,-11,0,0,1,0,0,0,1
64,1,512,10,16,18,64,64,56,74,68,67,-14,0,0,1,0,0,0,1
85,1,378,14,10,16,64,64,64,56,74,66,-7,0,0,1,0,0,0,1
95,1,342,17,9,0,85,64,64,64,56,66,15,0,0,1,0,0,0,1
102,2,238,16,15,16,95,85,64,64,64,66,16,0,0,1,0,0,0,1
63,3,328,17,20,9,102,95,85,64,64,66,19,0,0,1,0,0,0,1
88,1,138,12,22,41,63,102,95,85,64,66,9,0,0,1,0,0,0,1
73,2,435,12,18,22,88,63,102,95,85,66,37,0,0,1,0,0,0,1
107,2,529,17,15,5,73,88,63,102,95,66,8,0,0,1,0,0,0,1
93,1,669,18,9,0,107,73,88,63,102,65,21,0,0,1,0,0,0,1
73,1,278,17,15,6,93,107,73,88,63,65,15,0,0,1,0,0,0,1
72,3,287,16,20,7,73,93,107,73,88,65,21,0,0,1,0,0,0,1
66,2,393,19,13,3,72,73,93,107,73,65,5,0,0,1,0,0,0,1
57,1,250,18,15,0,66,72,73,93,107,65,10,0,0,1,0,0,0,1
71,1,333,17,19,28,57,66,72,73,93,66,-1,0,0,1,0,0,0,1
77,2,235,19,16,1,71,57,66,72,73,66,8,0,0,1,0,0,0,1
56,3,333,19,19,1,77,71,57,66,72,66,11,0,0,1,0,0,0,1
60,3,145,21,14,1,56,77,71,57,66,66,-5,0,0,1,0,0,0,1
60,3,252,22,12,2,60,56,77,71,57,66,3,0,0,1,0,0,0,1
60,1,155,25,13,3,60,60,56,77,71,67,17,0,0,1,0,0,0,1
77,3,406,24,14,1,60,60,60,56,77,67,10,0,0,1,0,0,0,1
71,1,488,25,16,3,77,60,60,60,56,67,19,0,0,1,0,0,0,1
94,2,141,25,12,0,71,77,60,60,60,67,5,0,0,1,0,0,0,1
80,3,239,24,12,0,94,71,77,60,60,67,21,0,0,1,0,0,0,1
78,1,274,26,17,0,80,94,71,77,60,67,2,0,0,1,0,0,0,1
56,4,360,26,20,0,78,80,94,71,77,67,-3,0,0,1,0,0,0,1
55,1,396,26,14,0,56,78,80,94,71,67,-12,0,0,1,0,0,0,1
30,1,252,27,14,0,55,56,78,80,94,67,-9,0,0,1,0,0,0,1
38,1,159,27,14,0,30,55,56,78,80,67,-32,0,0,1,0,0,0,1
34,2,160,29,12,0,38,30,55,56,78,67,-25,0,0,1,0,0,0,1
44,3,215,29,13,0,34,38,30,55,56,67,-32,0,0,1,0,0,0,1
46,2,328,30,13,0,44,34,38,30,55,66,-21,0,0,1,0,0,0,1
65,3,234,30,13,0,46,44,34,38,30,67,-27,0,0,1,0,0,0,1
39,2,152,29,15,0,65,46,44,34,38,68,-11,0,0,1,0,0,0,1
46,1,153,29,11,0,39,65,46,44,34,68,-22,0,0,1,0,0,0,1
73,1,143,29,10,0,46,39,65,46,44,68,-14,0,0,1,0,0,0,1
60,1,125,30,11,0,73,46,39,65,46,68,-8,0,0,1,0,0,0,1
70,2,120,29,11,0,60,73,46,39,65,68,-23,0,0,1,0,0,0,1
47,1,124,28,13,0,70,60,73,46,39,69,-12,0,0,1,0,0,0,1
64,2,154,28,11,0,47,70,60,73,46,69,-19,0,0,1,0,0,0,1
68,2,145,26,14,5,64,47,70,60,73,69,-16,0,0,1,0,0,0,1
66,3,136,26,10,0,68,64,47,70,60,70,2,0,0,1,0,0,0,1
64,2,145,25,12,57,66,68,64,47,70,70,4,0,0,1,0,0,0,1
82,3,271,22,11,10,64,66,68,64,47,70,5,0,0,1,0,0,0,1
88,4,263,22,10,6,82,64,66,68,64,71,-3,0,0,1,0,0,0,1
64,3,310,21,9,3,88,82,64,66,68,71,12,0,0,1,0,0,0,1
69,3,224,20,8,0,64,88,82,64,66,72,4,0,0,1,0,0,0,1
63,3,162,20,10,30,69,64,88,82,64,72,-3,0,0,1,0,0,0,1
89,2,246,15,12,4,63,69,64,88,82,72,4,0,0,1,0,0,0,1
71,4,217,17,7,7,89,63,69,64,88,72,10,0,0,1,0,0,0,1
66,3,265,17,9,17,71,89,63,69,64,71,20,0,0,1,0,0,0,1
60,2,228,17,7,0,66,71,89,63,69,71,-4,0,0,1,0,0,0,1
46,1,188,13,17,22,60,66,71,89,63,71,-11,0,0,1,0,0,0,1
58,3,248,16,14,14,46,60,66,71,89,71,-14,0,0,1,0,0,0,1
82,1,261,15,17,14,58,46,60,66,71,71,-7,0,0,1,0,0,0,1
73,2,208,12,14,9,82,58,46,60,66,71,15,0,0,1,0,0,0,1
97,3,529,12,9,0,73,82,58,46,60,71,16,0,0,1,0,0,0,1
110,3,317,15,15,0,97,73,82,58,46,72,19,0,0,1,0,0,0,1
125,2,233,17,8,0,110,97,73,82,58,72,9,0,0,1,0,0,0,1
98,2,326,18,13,25,125,110,97,73,82,72,37,0,0,1,0,0,0,1
115,3,316,18,9,0,98,125,110,97,73,72,8,0,0,1,0,0,0,1
77,1,298,18,13,0,115,98,125,110,97,72,21,0,0,1,0,0,0,1
90,1,177,18,16,11,77,115,98,125,110,71,15,0,0,1,0,0,0,1
86,1,389,17,13,1,90,77,115,98,125,71,21,0,0,1,0,0,0,1
81,1,346,18,14,1,86,90,77,115,98,70,5,0,0,1,0,0,0,1
67,1,427,19,9,0,81,86,90,77,115,70,10,0,0,1,0,0,0,1
91,1,186,21,11,21,67,81,86,90,77,71,-1,0,0,1,0,0,0,1
95,4,279,20,10,7,91,67,81,86,90,71,8,0,0,1,0,0,0,1
78,4,265,23,10,0,95,91,67,81,86,72,11,0,0,1,0,0,0,1
93,4,248,22,13,0,78,95,91,67,81,72,-5,0,0,1,0,0,0,1
85,3,322,22,13,2,93,78,95,91,67,72,3,0,0,1,0,0,0,1
84,3,225,26,10,0,85,93,78,95,91,72,17,0,0,1,0,0,0,1
86,4,284,23,12,4,84,85,93,78,95,72,10,0,0,1,0,0,0,1
59,4,173,23,12,1,86,84,85,93,78,73,19,0,0,1,0,0,0,1
64,4,271,26,10,0,59,86,84,85,93,73,5,0,0,1,0,0,0,1
12,2,219,14,9,0,10,6,6,8,12,-30,-8,0,0,1,0,1,0,0
5,3,205,16,10,26,12,10,6,6,8,-29,5,0,0,1,0,1,0,0
19,1,286,17,13,7,5,12,10,6,6,-28,1,0,0,1,0,1,0,0
9,2,294,17,16,7,19,5,12,10,6,-27,-1,0,0,1,0,1,0,0
8,3,265,19,18,19,9,19,5,12,10,-26,1,0,0,1,0,1,0,0
29,2,174,16,17,22,8,9,19,5,12,-25,5,0,0,1,0,1,0,0
9,4,272,18,11,1,29,8,9,19,5,-24,2,0,0,1,0,1,0,0
7,2,344,17,15,0,9,29,8,9,19,-23,-13,0,0,1,0,1,0,0
3,4,291,19,14,0,7,9,29,8,9,-21,-11,0,0,1,0,1,0,0
4,4,159,19,14,17,3,7,9,29,8,-20,-12,0,0,1,0,1,0,0
12,2,217,21,13,0,4,3,7,9,29,-19,-13,0,0,1,0,1,0,0
4,3,155,22,13,0,12,4,3,7,9,-18,-10,0,0,1,0,1,0,0
7,3,187,24,15,0,4,12,4,3,7,-17,-18,0,0,1,0,1,0,0
3,3,233,21,14,27,7,4,12,4,3,-16,-14,0,0,1,0,1,0,0
8,3,187,22,15,0,3,7,4,12,4,-15,-20,0,0,1,0,1,0,0
10,1,197,23,12,1,8,3,7,4,12,-14,-14,0,0,1,0,1,0,0
11,2,243,24,16,0,10,8,3,7,4,-13,-15,0,0,1,0,1,0,0
12,2,405,25,17,0,11,10,8,3,7,-12,-17,0,0,1,0,1,0,0
10,3,209,25,13,0,12,11,10,8,3,-11,-12,0,0,1,0,1,0,0
4,1,147,26,17,0,10,12,11,10,8,-10,19,0,0,1,0,1,0,0
7,2,167,27,15,0,4,10,12,11,10,-8,4,0,0,1,0,1,0,0
7,1,137,27,16,0,7,4,10,12,11,-7,8,0,0,1,0,1,0,0
3,2,140,28,17,0,7,7,4,10,12,-6,-1,0,0,1,0,1,0,0
12,3,156,28,20,0,3,7,7,4,10,-5,-13,0,0,1,0,1,0,0
7,2,298,28,18,0,12,3,7,7,4,-4,-3,0,0,1,0,1,0,0
9,3,140,28,19,0,7,12,3,7,7,-3,17,0,0,1,0,1,0,0
2,1,161,28,17,0,9,7,12,3,7,9,1,0,0,1,0,1,0,0
14,4,179,29,16,0,2,9,7,12,3,9,-12,0,0,1,0,1,0,0
8,2,163,29,12,0,14,2,9,7,12,9,-3,0,0,1,0,1,0,0
2,1,159,29,14,0,8,14,2,9,7,9,-6,0,0,1,0,1,0,0
7,2,227,29,12,0,2,8,14,2,9,9,-8,0,0,1,0,1,0,0
18,2,146,28,15,0,7,2,8,14,2,9,-6,0,0,1,0,1,0,0
20,1,180,28,14,0,18,7,2,8,14,9,-12,0,0,1,0,1,0,0
1,1,276,27,22,16,20,18,7,2,8,9,6,0,0,1,0,1,0,0
3,3,139,25,13,9,1,20,18,7,2,9,-22,0,0,1,0,1,0,0
11,1,152,25,11,6,3,1,20,18,7,9,4,0,0,1,0,1,0,0
13,2,247,23,16,30,11,3,1,20,18,10,15,0,0,1,0,1,0,0
14,1,136,23,11,0,13,11,3,1,20,10,20,0,0,1,0,1,0,0
4,1,253,22,12,16,14,13,11,3,1,10,18,0,0,1,0,1,0,0
10,2,258,21,9,0,4,14,13,11,3,10,21,0,0,1,0,1,0,0
24,3,187,20,12,46,10,4,14,13,11,10,18,0,0,1,0,1,0,0
12,1,275,18,18,38,24,10,4,14,13,10,20,0,0,1,0,1,0,0
5,3,137,18,13,19,12,24,10,4,14,10,22,0,0,1,0,1,0,0
20,1,172,20,9,13,5,12,24,10,4,9,2,0,0,1,0,1,0,0
9,2,286,18,14,7,20,5,12,24,10,9,0,0,0,1,0,1,0,0
7,2,495,17,11,17,9,20,5,12,24,10,16,0,0,1,0,1,0,0
13,4,332,17,15,3,7,9,20,5,12,12,11,0,0,1,0,1,0,0
7,2,248,15,19,35,13,7,9,20,5,14,79,0,0,1,0,1,0,0
1,1,561,10,16,18,7,13,7,9,20,15,-21,0,0,1,0,1,0,0
2,1,420,14,10,16,1,7,13,7,9,17,0,0,0,1,0,1,0,0
24,1,374,17,9,0,2,1,7,13,7,18,-13,0,0,1,0,1,0,0
2,2,258,16,15,16,24,2,1,7,13,19,-17,0,0,1,0,1,0,0
12,3,327,17,20,9,2,24,2,1,7,21,-8,0,0,1,0,1,0,0
2,1,150,12,22,41,12,2,24,2,1,23,5,0,0,1,0,1,0,0
14,2,440,12,18,22,2,12,2,24,2,24,1,0,0,1,0,1,0,0
19,2,554,17,15,5,14,2,12,2,24,26,-1,0,0,1,0,1,0,0
17,1,682,18,9,0,19,14,2,12,2,27,1,0,0,1,0,1,0,0
20,1,304,17,15,6,17,19,14,2,12,28,5,0,0,1,0,1,0,0
3,3,298,16,20,7,20,17,19,14,2,30,2,0,0,1,0,1,0,0
16,2,423,19,13,3,3,20,17,19,14,31,-13,0,0,1,0,1,0,0
15,1,246,18,15,0,16,3,20,17,19,32,-11,0,0,1,0,1,0,0
5,1,342,17,19,28,15,16,3,20,17,33,-12,0,0,1,0,1,0,0
14,2,234,19,16,1,5,15,16,3,20,35,-13,0,0,1,0,1,0,0
5,3,333,19,19,1,14,5,15,16,3,37,-10,0,0,1,0,1,0,0
5,3,149,21,14,1,5,14,5,15,16,39,-18,0,0,1,0,1,0,0
1,3,266,22,12,2,5,5,14,5,15,41,-14,0,0,1,0,1,0,0
4,1,166,25,13,3,1,5,5,14,5,43,-20,0,0,1,0,1,0,0
8,3,424,24,14,1,4,1,5,5,14,45,-14,0,0,1,0,1,0,0
12,1,521,25,16,3,8,4,1,5,5,46,-15,0,0,1,0,1,0,0
6,2,154,25,12,0,12,8,4,1,5,48,-17,0,0,1,0,1,0,0
111,3,255,24,12,0,6,12,8,4,1,49,-12,0,0,1,0,1,0,0
86,1,290,26,17,0,111,6,12,8,4,51,19,0,0,1,0,1,0,0
88,4,366,26,20,0,86,111,6,12,8,53,4,0,0,1,0,1,0,0
89,1,395,26,14,0,88,86,111,6,12,54,8,0,0,1,0,1,0,0
81,1,256,27,14,0,89,88,86,111,6,55,-1,0,0,1,0,1,0,0
39,1,170,27,14,0,81,89,88,86,111,57,-13,0,0,1,0,1,0,0
118,2,167,29,12,0,39,81,89,88,86,59,-3,0,0,1,0,1,0,0
100,3,236,29,13,0,118,39,81,89,88,60,17,0,0,1,0,1,0,0
94,2,346,30,13,0,100,118,39,81,89,61,1,0,0,1,0,1,0,0
79,3,250,30,13,0,94,100,118,39,81,62,-12,0,0,1,0,1,0,0
81,2,184,29,15,0,79,94,100,118,39,64,-3,0,0,1,0,1,0,0
69,1,158,29,11,0,81,79,94,100,118,65,-6,0,0,1,0,1,0,0
81,1,159,29,10,0,69,81,79,94,100,66,-8,0,0,1,0,1,0,0
80,1,110,30,11,0,81,69,81,79,94,67,-6,0,0,1,0,1,0,0
97,2,114,29,11,0,80,81,69,81,79,69,-12,0,0,1,0,1,0,0
36,1,112,28,13,0,97,80,81,69,81,70,6,0,0,1,0,1,0,0
89,2,179,28,11,0,36,97,80,81,69,70,-22,0,0,1,0,1,0,0
110,2,161,26,14,5,89,36,97,80,81,71,4,0,0,1,0,1,0,0
109,3,163,26,10,0,110,89,36,97,80,72,15,0,0,1,0,1,0,0
117,2,169,25,12,57,109,110,89,36,97,74,20,0,0,1,0,1,0,0
124,3,291,22,11,10,117,109,110,89,36,75,18,0,0,1,0,1,0,0
111,4,285,22,10,6,124,117,109,110,89,76,21,0,0,1,0,1,0,0
90,3,326,21,9,3,111,124,117,109,110,77,18,0,0,1,0,1,0,0
103,3,241,20,8,0,90,111,124,117,109,79,20,0,0,1,0,1,0,0
92,3,193,20,10,30,103,90,111,124,117,80,22,0,0,1,0,1,0,0
91,2,279,15,12,4,92,103,90,111,124,81,2,0,0,1,0,1,0,0
94,4,253,17,7,7,91,92,103,90,111,83,0,0,0,1,0,1,0,0
89,3,313,17,9,17,94,91,92,103,90,83,16,0,0,1,0,1,0,0
96,2,261,17,7,0,89,94,91,92,103,83,11,0,0,1,0,1,0,0
62,1,225,13,17,22,96,89,94,91,92,83,79,0,0,1,0,1,0,0
111,3,273,16,14,14,62,96,89,94,91,83,-21,0,0,1,0,1,0,0
84,1,315,15,17,14,111,62,96,89,94,82,0,0,0,1,0,1,0,0
56,2,262,12,14,9,84,111,62,96,89,82,-13,0,0,1,0,1,0,0
57,3,574,12,9,0,56,84,111,62,96,83,-17,0,0,1,0,1,0,0
85,3,341,15,15,0,57,56,84,111,62,82,-8,0,0,1,0,1,0,0
94,2,267,17,8,0,85,57,56,84,111,82,5,0,0,1,0,1,0,0
64,2,361,18,13,25,94,85,57,56,84,81,1,0,0,1,0,1,0,0
78,3,338,18,9,0,64,94,85,57,56,82,-1,0,0,1,0,1,0,0
96,1,330,18,13,0,78,64,94,85,57,82,1,0,0,1,0,1,0,0
64,1,196,18,16,11,96,78,64,94,85,82,5,0,0,1,0,1,0,0
59,1,384,17,13,1,64,96,78,64,94,82,2,0,0,1,0,1,0,0
57,1,345,18,14,1,59,64,96,78,64,82,-13,0,0,1,0,1,0,0
61,1,449,19,9,0,57,59,64,96,78,83,-11,0,0,1,0,1,0,0
72,1,218,21,11,21,61,57,59,64,96,83,-12,0,0,1,0,1,0,0
65,4,315,20,10,7,72,61,57,59,64,84,-13,0,0,1,0,1,0,0
64,4,309,23,10,0,65,72,61,57,59,84,-10,0,0,1,0,1,0,0
74,4,289,22,13,0,64,65,72,61,57,85,-18,0,0,1,0,1,0,0
70,3,348,22,13,2,74,64,65,72,61,85,-14,0,0,1,0,1,0,0
83,3,265,26,10,0,70,74,64,65,72,86,-20,0,0,1,0,1,0,0
78,4,321,23,12,4,83,70,74,64,65,87,-14,0,0,1,0,1,0,0
70,4,195,23,12,1,78,83,70,74,64,88,-15,0,0,1,0,1,0,0
93,4,328,26,10,0,70,78,83,70,74,89,-17,0,0,1,0,1,0,0
45,2,186,14,9,0,37,52,54,62,61,47,8,0,0,1,0,0,1,0
59,3,182,16,10,26,45,37,52,54,62,47,5,0,0,1,0,0,1,0
54,1,263,17,13,7,59,45,37,52,54,47,-8,0,0,1,0,0,1,0
34,2,277,17,16,7,54,59,45,37,52,47,2,0,0,1,0,0,1,0
54,3,248,19,18,19,34,54,59,45,37,46,-7,0,0,1,0,0,1,0
48,2,158,16,17,22,54,34,54,59,45,46,-1,0,0,1,0,0,1,0
76,4,258,18,11,1,48,54,34,54,59,46,-2,0,0,1,0,0,1,0
45,2,329,17,15,0,76,48,54,34,54,46,11,0,0,1,0,0,1,0
59,4,286,19,14,0,45,76,48,54,34,45,3,0,0,1,0,0,1,0
46,4,156,19,14,17,59,45,76,48,54,45,4,0,0,1,0,0,1,0
66,2,211,21,13,0,46,59,45,76,48,45,8,0,0,1,0,0,1,0
45,3,145,22,13,0,66,46,59,45,76,44,10,0,0,1,0,0,1,0
35,3,180,24,15,0,45,66,46,59,45,44,0,0,0,1,0,0,1,0
42,3,230,21,14,27,35,45,66,46,59,44,-3,0,0,1,0,0,1,0
62,3,170,22,15,0,42,35,45,66,46,44,-8,0,0,1,0,0,1,0
42,1,177,23,12,1,62,42,35,45,66,43,11,0,0,1,0,0,1,0
49,2,232,24,16,0,42,62,42,35,45,43,-4,0,0,1,0,0,1,0
41,2,398,25,17,0,49,42,62,42,35,43,3,0,0,1,0,0,1,0
37,3,208,25,13,0,41,49,42,62,42,43,1,0,0,1,0,0,1,0
44,1,152,26,17,0,37,41,49,42,62,42,-11,0,0,1,0,0,1,0
48,2,163,27,15,0,44,37,41,49,42,42,-7,0,0,1,0,0,1,0
40,1,142,27,16,0,48,44,37,41,49,42,-6,0,0,1,0,0,1,0
39,2,140,28,17,0,40,48,44,37,41,41,-10,0,0,1,0,0,1,0
35,3,148,28,20,0,39,40,48,44,37,41,-16,0,0,1,0,0,1,0
29,2,294,28,18,0,35,39,40,48,44,41,-10,0,0,1,0,0,1,0
30,3,140,28,19,0,29,35,39,40,48,41,-3,0,0,1,0,0,1,0
66,1,148,28,17,0,30,29,35,39,40,41,-14,0,0,1,0,0,1,0
48,4,165,29,16,0,66,30,29,35,39,41,4,0,0,1,0,0,1,0
44,2,152,29,12,0,48,66,30,29,35,41,2,0,0,1,0,0,1,0
45,1,149,29,14,0,44,48,66,30,29,40,2,0,0,1,0,0,1,0
31,2,217,29,12,0,45,44,48,66,30,40,-5,0,0,1,0,0,1,0
41,2,135,28,15,0,31,45,44,48,66,40,-12,0,0,1,0,0,1,0
29,1,170,28,14,0,41,31,45,44,48,40,-10,0,0,1,0,0,1,0
48,1,264,27,22,16,29,41,31,45,44,39,-8,0,0,1,0,0,1,0
21,3,129,25,13,9,48,29,41,31,45,39,3,0,0,1,0,0,1,0
45,1,147,25,11,6,21,48,29,41,31,39,-3,0,0,1,0,0,1,0
23,2,244,23,16,30,45,21,48,29,41,38,16,0,0,1,0,0,1,0
39,1,128,23,11,0,23,45,21,48,29,38,-2,0,0,1,0,0,1,0
30,1,245,22,12,16,39,23,45,21,48,38,4,0,0,1,0,0,1,0
35,2,247,21,9,0,30,39,23,45,21,37,-8,0,0,1,0,0,1,0
39,3,183,20,12,46,35,30,39,23,45,37,2,0,0,1,0,0,1,0
46,1,270,18,18,38,39,35,30,39,23,37,2,0,0,1,0,0,1,0
30,3,137,18,13,19,46,39,35,30,39,36,8,0,0,1,0,0,1,0
24,1,172,20,9,13,30,46,39,35,30,36,3,0,0,1,0,0,1,0
27,2,274,18,14,7,24,30,46,39,35,36,3,0,0,1,0,0,1,0
32,2,496,17,11,17,27,24,30,46,39,35,-3,0,0,1,0,0,1,0
37,4,327,17,15,3,32,27,24,30,46,35,8,0,0,1,0,0,1,0
20,2,243,15,19,35,37,32,27,24,30,34,16,0,0,1,0,0,1,0
13,1,533,10,16,18,20,37,32,27,24,34,4,0,0,1,0,0,1,0
39,1,398,14,10,16,13,20,37,32,27,33,-9,0,0,1,0,0,1,0
43,1,357,17,9,0,39,13,20,37,32,33,19,0,0,1,0,0,1,0
48,2,248,16,15,16,43,39,13,20,37,32,12,0,0,1,0,0,1,0
52,3,330,17,20,9,48,43,39,13,20,32,8,0,0,1,0,0,1,0
7,1,143,12,22,41,52,48,43,39,13,31,5,0,0,1,0,0,1,0
36,2,438,12,18,22,7,52,48,43,39,31,-8,0,0,1,0,0,1,0
39,2,544,17,15,5,36,7,52,48,43,30,2,0,0,1,0,0,1,0
43,1,676,18,9,0,39,36,7,52,48,30,-7,0,0,1,0,0,1,0
37,1,289,17,15,6,43,39,36,7,52,29,-1,0,0,1,0,0,1,0
39,3,294,16,20,7,37,43,39,36,7,29,-2,0,0,1,0,0,1,0
40,2,406,19,13,3,39,37,43,39,36,29,11,0,0,1,0,0,1,0
30,1,250,18,15,0,40,39,37,43,39,28,3,0,0,1,0,0,1,0
40,1,339,17,19,28,30,40,39,37,43,28,4,0,0,1,0,0,1,0
50,2,236,19,16,1,40,30,40,39,37,28,8,0,0,1,0,0,1,0
30,3,335,19,19,1,50,40,30,40,39,28,10,0,0,1,0,0,1,0
13,3,148,21,14,1,30,50,40,30,40,28,0,0,0,1,0,0,1,0
20,3,261,22,12,2,13,30,50,40,30,28,-3,0,0,1,0,0,1,0
40,1,161,25,13,3,20,13,30,50,40,28,-8,0,0,1,0,0,1,0
23,3,416,24,14,1,40,20,13,30,50,28,11,0,0,1,0,0,1,0
29,1,505,25,16,3,23,40,20,13,30,28,-4,0,0,1,0,0,1,0
30,2,148,25,12,0,29,23,40,20,13,28,3,0,0,1,0,0,1,0
18,3,248,24,12,0,30,29,23,40,20,29,1,0,0,1,0,0,1,0
22,1,285,26,17,0,18,30,29,23,40,29,-11,0,0,1,0,0,1,0
8,4,366,26,20,0,22,18,30,29,23,29,-7,0,0,1,0,0,1,0
16,1,399,26,14,0,8,22,18,30,29,30,-6,0,0,1,0,0,1,0
11,1,255,27,14,0,16,8,22,18,30,31,-10,0,0,1,0,0,1,0
3,1,164,27,14,0,11,16,8,22,18,31,-16,0,0,1,0,0,1,0
22,2,165,29,12,0,3,11,16,8,22,31,-10,0,0,1,0,0,1,0
12,3,226,29,13,0,22,3,11,16,8,32,-3,0,0,1,0,0,1,0
28,2,338,30,13,0,12,22,3,11,16,32,-14,0,0,1,0,0,1,0
15,3,242,30,13,0,28,12,22,3,11,32,4,0,0,1,0,0,1,0
29,2,167,29,15,0,15,28,12,22,3,32,2,0,0,1,0,0,1,0
17,1,156,29,11,0,29,15,28,12,22,32,2,0,0,1,0,0,1,0
17,1,150,29,10,0,17,29,15,28,12,31,-5,0,0,1,0,0,1,0
7,1,120,30,11,0,17,17,29,15,28,31,-12,0,0,1,0,0,1,0
23,2,118,29,11,0,7,17,17,29,15,30,-10,0,0,1,0,0,1,0
4,1,120,28,13,0,23,7,17,17,29,30,-8,0,0,1,0,0,1,0
28,2,167,28,11,0,4,23,7,17,17,30,3,0,0,1,0,0,1,0
51,2,154,26,14,5,28,4,23,7,17,30,-3,0,0,1,0,0,1,0
27,3,149,26,10,0,51,28,4,23,7,30,16,0,0,1,0,0,1,0
32,2,157,25,12,57,27,51,28,4,23,30,-2,0,0,1,0,0,1,0
21,3,283,22,11,10,32,27,51,28,4,30,4,0,0,1,0,0,1,0
44,4,275,22,10,6,21,32,27,51,28,30,-8,0,0,1,0,0,1,0
50,3,319,21,9,3,44,21,32,27,51,31,2,0,0,1,0,0,1,0
46,3,234,20,8,0,50,44,21,32,27,31,2,0,0,1,0,0,1,0
36,3,178,20,10,30,46,50,44,21,32,31,8,0,0,1,0,0,1,0
54,2,264,15,12,4,36,46,50,44,21,31,3,0,0,1,0,0,1,0
37,4,236,17,7,7,54,36,46,50,44,31,3,0,0,1,0,0,1,0
56,3,288,17,9,17,37,54,36,46,50,31,-3,0,0,1,0,0,1,0
74,2,245,17,7,0,56,37,54,36,46,31,8,0,0,1,0,0,1,0
54,1,207,13,17,22,74,56,37,54,36,31,16,0,0,1,0,0,1,0
35,3,261,16,14,14,54,74,56,37,54,32,4,0,0,1,0,0,1,0
64,1,287,15,17,14,35,54,74,56,37,32,-9,0,0,1,0,0,1,0
47,2,235,12,14,9,64,35,54,74,56,32,19,0,0,1,0,0,1,0
53,3,552,12,9,0,47,64,35,54,74,33,12,0,0,1,0,0,1,0
31,3,329,15,15,0,53,47,64,35,54,33,8,0,0,1,0,0,1,0
21,2,250,17,8,0,31,53,47,64,35,34,5,0,0,1,0,0,1,0
27,2,345,18,13,25,21,31,53,47,64,34,-8,0,0,1,0,0,1,0
16,3,329,18,9,0,27,21,31,53,47,34,2,0,0,1,0,0,1,0
12,1,315,18,13,0,16,27,21,31,53,35,-7,0,0,1,0,0,1,0
18,1,188,18,16,11,12,16,27,21,31,35,-1,0,0,1,0,0,1,0
29,1,392,17,13,1,18,12,16,27,21,35,-2,0,0,1,0,0,1,0
35,1,350,18,14,1,29,18,12,16,27,36,11,0,0,1,0,0,1,0
32,1,441,19,9,0,35,29,18,12,16,36,3,0,0,1,0,0,1,0
49,1,204,21,11,21,32,35,29,18,12,37,4,0,0,1,0,0,1,0
25,4,298,20,10,7,49,32,35,29,18,38,8,0,0,1,0,0,1,0
35,4,287,23,10,0,25,49,32,35,29,38,10,0,0,1,0,0,1,0
53,4,269,22,13,0,35,25,49,32,35,38,0,0,0,1,0,0,1,0
24,3,337,22,13,2,53,35,25,49,32,39,-3,0,0,1,0,0,1,0
40,3,246,26,10,0,24,53,35,25,49,39,-8,0,0,1,0,0,1,0
31,4,304,23,12,4,40,24,53,35,25,38,11,0,0,1,0,0,1,0
39,4,186,23,12,1,31,40,24,53,35,38,-4,0,0,1,0,0,1,0
41,4,299,26,10,0,39,31,40,24,53,38,3,0,0,1,0,0,1,0
11,2,160,14,9,0,1,18,9,7,11,-112,31,0,0,0,1,0,0,1
8,3,163,16,10,26,11,1,18,9,7,-107,37,0,0,0,1,0,0,1
15,1,246,17,13,7,8,11,1,18,9,-103,35,0,0,0,1,0,0,1
18,2,264,17,16,7,15,8,11,1,18,-98,35,0,0,0,1,0,0,1
24,3,231,19,18,19,18,15,8,11,1,-93,20,0,0,0,1,0,0,1
15,2,144,16,17,22,24,18,15,8,11,-88,28,0,0,0,1,0,0,1
19,4,245,18,11,1,15,24,18,15,8,-84,26,0,0,0,1,0,0,1
7,2,317,17,15,0,19,15,24,18,15,-79,38,0,0,0,1,0,0,1
19,4,278,19,14,0,7,19,15,24,18,-74,22,0,0,0,1,0,0,1
14,4,151,19,14,17,19,7,19,15,24,-69,7,0,0,0,1,0,0,1
6,2,204,21,13,0,14,19,7,19,15,-65,24,0,0,0,1,0,0,1
4,3,135,22,13,0,6,14,19,7,19,-60,56,0,0,0,1,0,0,1
15,3,171,24,15,0,4,6,14,19,7,-55,75,0,0,0,1,0,0,1
13,3,225,21,14,27,15,4,6,14,19,-51,29,0,0,0,1,0,0,1
48,3,155,22,15,0,13,15,4,6,14,-46,42,0,0,0,1,0,0,1
34,1,158,23,12,1,48,13,15,4,6,-41,68,0,0,0,1,0,0,1
7,2,222,24,16,0,34,48,13,15,4,-36,52,0,0,0,1,0,0,1
33,2,389,25,17,0,7,34,48,13,15,-32,14,0,0,0,1,0,0,1
33,3,204,25,13,0,33,7,34,48,13,-27,32,0,0,0,1,0,0,1
28,1,151,26,17,0,33,33,7,34,48,-22,50,0,0,0,1,0,0,1
17,2,157,27,15,0,28,33,33,7,34,-18,14,0,0,0,1,0,0,1
34,1,142,27,16,0,17,28,33,33,7,-13,3,0,0,0,1,0,0,1
49,2,139,28,17,0,34,17,28,33,33,-8,-18,0,0,0,1,0,0,1
19,3,140,28,20,0,49,34,17,28,33,-3,-45,0,0,0,1,0,0,1
18,2,288,28,18,0,19,49,34,17,28,1,-2,0,0,0,1,0,0,1
14,3,139,28,19,0,18,19,49,34,17,6,28,0,0,0,1,0,0,1
45,1,139,28,17,0,14,18,19,49,34,25,9,0,0,0,1,0,0,1
33,4,152,29,16,0,45,14,18,19,49,28,16,0,0,0,1,0,0,1
26,2,140,29,12,0,33,45,14,18,19,30,12,0,0,0,1,0,0,1
22,1,141,29,14,0,26,33,45,14,18,33,-42,0,0,0,1,0,0,1
34,2,210,29,12,0,22,26,33,45,14,35,38,0,0,0,1,0,0,1
50,2,128,28,15,0,34,22,26,33,45,38,-28,0,0,0,1,0,0,1
66,1,159,28,14,0,50,34,22,26,33,40,-20,0,0,0,1,0,0,1
8,1,252,27,22,16,66,50,34,22,26,43,16,0,0,0,1,0,0,1
20,3,120,25,13,9,8,66,50,34,22,46,-42,0,0,0,1,0,0,1
43,1,142,25,11,6,20,8,66,50,34,49,1,0,0,0,1,0,0,1
43,2,241,23,16,30,43,20,8,66,50,52,2,0,0,0,1,0,0,1
13,1,121,23,11,0,43,43,20,8,66,55,-7,0,0,0,1,0,0,1
11,1,234,22,12,16,13,43,43,20,8,61,-10,0,0,0,1,0,0,1
17,2,237,21,9,0,11,13,43,43,20,66,-50,0,0,0,1,0,0,1
44,3,176,20,12,46,17,11,13,43,43,71,-32,0,0,0,1,0,0,1
39,1,262,18,18,38,44,17,11,13,43,76,-79,0,0,0,1,0,0,1
9,3,134,18,13,19,39,44,17,11,13,81,-39,0,0,0,1,0,0,1
17,1,168,20,9,13,9,39,44,17,11,86,-53,0,0,0,1,0,0,1
47,2,261,18,14,7,17,9,39,44,17,92,-51,0,0,0,1,0,0,1
17,2,491,17,11,17,47,17,9,39,44,98,5,0,0,0,1,0,0,1
33,4,319,17,15,3,17,47,17,9,39,103,-21,0,0,0,1,0,0,1
10,2,237,15,19,35,33,17,47,17,9,108,-59,0,0,0,1,0,0,1
36,1,512,10,16,18,10,33,17,47,17,113,-119,0,0,0,1,0,0,1
26,1,378,14,10,16,36,10,33,17,47,117,-37,0,0,0,1,0,0,1
26,1,342,17,9,0,26,36,10,33,17,120,-59,0,0,0,1,0,0,1
107,2,238,16,15,16,26,26,36,10,33,126,-47,0,0,0,1,0,0,1
163,3,328,17,20,9,107,26,26,36,10,131,31,0,0,0,1,0,0,1
133,1,138,12,22,41,163,107,26,26,36,136,37,0,0,0,1,0,0,1
158,2,435,12,18,22,133,163,107,26,26,142,35,0,0,0,1,0,0,1
132,2,529,17,15,5,158,133,163,107,26,147,35,0,0,0,1,0,0,1
142,1,669,18,9,0,132,158,133,163,107,152,20,0,0,0,1,0,0,1
129,1,278,17,15,6,142,132,158,133,163,157,28,0,0,0,1,0,0,1
186,3,287,16,20,7,129,142,132,158,133,161,26,0,0,0,1,0,0,1
149,2,393,19,13,3,186,129,142,132,158,167,38,0,0,0,1,0,0,1
189,1,250,18,15,0,149,186,129,142,132,172,22,0,0,0,1,0,0,1
167,1,333,17,19,28,189,149,186,129,142,176,7,0,0,0,1,0,0,1
235,2,235,19,16,1,167,189,149,186,129,181,24,0,0,0,1,0,0,1
343,3,333,19,19,1,235,167,189,149,186,186,56,0,0,0,1,0,0,1
244,3,145,21,14,1,343,235,167,189,149,191,75,0,0,0,1,0,0,1
255,3,252,22,12,2,244,343,235,167,189,196,29,0,0,0,1,0,0,1
316,1,155,25,13,3,255,244,343,235,167,201,42,0,0,0,1,0,0,1
287,3,406,24,14,1,316,255,244,343,235,206,68,0,0,0,1,0,0,1
312,1,488,25,16,3,287,316,255,244,343,210,52,0,0,0,1,0,0,1
353,2,141,25,12,0,312,287,316,255,244,215,14,0,0,0,1,0,0,1
325,3,239,24,12,0,353,312,287,316,255,219,32,0,0,0,1,0,0,1
302,1,274,26,17,0,325,353,312,287,316,224,50,0,0,0,1,0,0,1
249,4,360,26,20,0,302,325,353,312,287,230,14,0,0,0,1,0,0,1
267,1,396,26,14,0,249,302,325,353,312,235,3,0,0,0,1,0,0,1
236,1,252,27,14,0,267,249,302,325,353,239,-18,0,0,0,1,0,0,1
206,1,159,27,14,0,236,267,249,302,325,243,-45,0,0,0,1,0,0,1
376,2,160,29,12,0,206,236,267,249,302,249,-2,0,0,0,1,0,0,1
253,3,215,29,13,0,376,206,236,267,249,254,28,0,0,0,1,0,0,1
313,2,328,30,13,0,253,376,206,236,267,259,9,0,0,0,1,0,0,1
328,3,234,30,13,0,313,253,376,206,236,263,16,0,0,0,1,0,0,1
264,2,152,29,15,0,328,313,253,376,206,266,12,0,0,0,1,0,0,1
339,1,153,29,11,0,264,328,313,253,376,269,-42,0,0,0,1,0,0,1
234,1,143,29,10,0,339,264,328,313,253,272,38,0,0,0,1,0,0,1
287,1,125,30,11,0,234,339,264,328,313,276,-28,0,0,0,1,0,0,1
433,2,120,29,11,0,287,234,339,264,328,280,-20,0,0,0,1,0,0,1
161,1,124,28,13,0,433,287,234,339,264,283,16,0,0,0,1,0,0,1
296,2,154,28,11,0,161,433,287,234,339,286,-42,0,0,0,1,0,0,1
290,2,145,26,14,5,296,161,433,287,234,289,1,0,0,0,1,0,0,1
286,3,136,26,10,0,290,296,161,433,287,291,2,0,0,0,1,0,0,1
291,2,145,25,12,57,286,290,296,161,433,294,-7,0,0,0,1,0,0,1
275,3,271,22,11,10,291,286,290,296,161,296,-10,0,0,0,1,0,0,1
307,4,263,22,10,6,275,291,286,290,296,297,-50,0,0,0,1,0,0,1
236,3,310,21,9,3,307,275,291,286,290,299,-32,0,0,0,1,0,0,1
279,3,224,20,8,0,236,307,275,291,286,300,-79,0,0,0,1,0,0,1
256,3,162,20,10,30,279,236,307,275,291,301,-39,0,0,0,1,0,0,1
232,2,246,15,12,4,256,279,236,307,275,301,-53,0,0,0,1,0,0,1
331,4,217,17,7,7,232,256,279,236,307,300,-51,0,0,0,1,0,0,1
317,3,265,17,9,17,331,232,256,279,236,299,5,0,0,0,1,0,0,1
263,2,228,17,7,0,317,331,232,256,279,299,-21,0,0,0,1,0,0,1
182,1,188,13,17,22,263,317,331,232,256,299,-59,0,0,0,1,0,0,1
324,3,248,16,14,14,182,263,317,331,232,300,-119,0,0,0,1,0,0,1
294,1,261,15,17,14,324,182,263,317,331,299,-37,0,0,0,1,0,0,1
325,2,208,12,14,9,294,324,182,263,317,300,-59,0,0,0,1,0,0,1
336,3,529,12,9,0,325,294,324,182,263,301,-47,0,0,0,1,0,0,1
297,3,317,15,15,0,336,325,294,324,182,302,31,0,0,0,1,0,0,1
334,2,233,17,8,0,297,336,325,294,324,304,37,0,0,0,1,0,0,1
312,2,326,18,13,25,334,297,336,325,294,305,35,0,0,0,1,0,0,1
302,3,316,18,9,0,312,334,297,336,325,305,35,0,0,0,1,0,0,1
322,1,298,18,13,0,302,312,334,297,336,305,20,0,0,0,1,0,0,1
347,1,177,18,16,11,322,302,312,334,297,307,28,0,0,0,1,0,0,1
330,1,389,17,13,1,347,322,302,312,334,308,26,0,0,0,1,0,0,1
343,1,346,18,14,1,330,347,322,302,312,307,38,0,0,0,1,0,0,1
259,1,427,19,9,0,343,330,347,322,302,307,22,0,0,0,1,0,0,1
348,1,186,21,11,21,259,343,330,347,322,311,7,0,0,0,1,0,0,1
394,4,279,20,10,7,348,259,343,330,347,313,24,0,0,0,1,0,0,1
357,4,265,23,10,0,394,348,259,343,330,315,56,0,0,0,1,0,0,1
320,4,248,22,13,0,357,394,348,259,343,317,75,0,0,0,1,0,0,1
359,3,322,22,13,2,320,357,394,348,259,319,29,0,0,0,1,0,0,1
352,3,225,26,10,0,359,320,357,394,348,319,42,0,0,0,1,0,0,1
356,4,284,23,12,4,352,359,320,357,394,320,68,0,0,0,1,0,0,1
254,4,173,23,12,1,356,352,359,320,357,320,52,0,0,0,1,0,0,1
255,4,271,26,10,0,254,356,352,359,320,322,14,0,0,0,1,0,0,1
6,1,342,17,19,28,4,7,2,3,1,30,1,0,0,0,1,1,0,0
4,2,234,19,16,1,6,4,7,2,3,31,3,0,0,0,1,1,0,0
3,3,333,19,19,1,4,6,4,7,2,32,7,0,0,0,1,1,0,0
3,3,149,21,14,1,3,4,6,4,7,34,12,0,0,0,1,1,0,0
3,3,266,22,12,2,3,3,4,6,4,35,5,0,0,0,1,1,0,0
3,1,166,25,13,3,3,3,3,4,6,36,-13,0,0,0,1,1,0,0
7,3,424,24,14,1,3,3,3,3,4,37,1,0,0,0,1,1,0,0
1,1,521,25,16,3,7,3,3,3,3,39,8,0,0,0,1,1,0,0
5,2,154,25,12,0,1,7,3,3,3,40,12,0,0,0,1,1,0,0
20,3,255,24,12,0,5,1,7,3,3,41,22,0,0,0,1,1,0,0
29,1,290,26,17,0,20,5,1,7,3,42,5,0,0,0,1,1,0,0
27,4,366,26,20,0,29,20,5,1,7,44,-5,0,0,0,1,1,0,0
37,1,395,26,14,0,27,29,20,5,1,45,-11,0,0,0,1,1,0,0
28,1,256,27,14,0,37,27,29,20,5,46,-15,0,0,0,1,1,0,0
15,1,170,27,14,0,28,37,27,29,20,47,-34,0,0,0,1,1,0,0
39,2,167,29,12,0,15,28,37,27,29,49,-19,0,0,0,1,1,0,0
35,3,236,29,13,0,39,15,28,37,27,50,-16,0,0,0,1,1,0,0
28,2,346,30,13,0,35,39,15,28,37,51,-26,0,0,0,1,1,0,0
37,3,250,30,13,0,28,35,39,15,28,53,-14,0,0,0,1,1,0,0
28,2,184,29,15,0,37,28,35,39,15,54,-20,0,0,0,1,1,0,0
39,1,158,29,11,0,28,37,28,35,39,55,39,0,0,0,1,1,0,0
30,1,159,29,10,0,39,28,37,28,35,56,7,0,0,0,1,1,0,0
28,1,110,30,11,0,30,39,28,37,28,58,-6,0,0,0,1,1,0,0
37,2,114,29,11,0,28,30,39,28,37,59,-34,0,0,0,1,1,0,0
12,1,112,28,13,0,37,28,30,39,28,60,-1,0,0,0,1,1,0,0
56,2,179,28,11,0,12,37,28,30,39,61,-18,0,0,0,1,1,0,0
56,2,161,26,14,5,56,12,37,28,30,56,13,0,0,0,1,1,0,0
89,3,163,26,10,0,56,56,12,37,28,58,2,0,0,0,1,1,0,0
139,2,169,25,12,57,89,56,56,12,37,60,26,0,0,0,1,1,0,0
136,3,291,22,11,10,139,89,56,56,12,62,54,0,0,0,1,1,0,0
130,4,285,22,10,6,136,139,89,56,56,65,35,0,0,0,1,1,0,0
124,3,326,21,9,3,130,136,139,89,56,67,15,0,0,0,1,1,0,0
105,3,241,20,8,0,124,130,136,139,89,69,21,0,0,0,1,1,0,0
103,3,193,20,10,30,105,124,130,136,139,71,-1,0,0,0,1,1,0,0
116,2,279,15,12,4,103,105,124,130,136,74,-14,0,0,0,1,1,0,0
109,4,253,17,7,7,116,103,105,124,130,77,-7,0,0,0,1,1,0,0
89,3,313,17,9,17,109,116,103,105,124,79,-13,0,0,0,1,1,0,0
85,2,261,17,7,0,89,109,116,103,105,80,11,0,0,0,1,1,0,0
32,1,225,13,17,22,85,89,109,116,103,81,20,0,0,0,1,1,0,0
91,3,273,16,14,14,32,85,89,109,116,82,-41,0,0,0,1,1,0,0
65,1,315,15,17,14,91,32,85,89,109,83,17,0,0,0,1,1,0,0
43,2,262,12,14,9,65,91,32,85,89,84,-10,0,0,0,1,1,0,0
65,3,574,12,9,0,43,65,91,32,85,85,-33,0,0,0,1,1,0,0
63,3,341,15,15,0,65,43,65,91,32,85,-11,0,0,0,1,1,0,0
85,2,267,17,8,0,63,65,43,65,91,86,-14,0,0,0,1,1,0,0
81,2,361,18,13,25,85,63,65,43,65,87,7,0,0,0,1,1,0,0
67,3,338,18,9,0,81,85,63,65,43,89,1,0,0,0,1,1,0,0
73,1,330,18,13,0,67,81,85,63,65,92,-16,0,0,0,1,1,0,0
84,1,196,18,16,11,73,67,81,85,63,94,-12,0,0,0,1,1,0,0
109,1,384,17,13,1,84,73,67,81,85,95,-2,0,0,0,1,1,0,0
130,1,345,18,14,1,109,84,73,67,81,96,22,0,0,0,1,1,0,0
110,1,449,19,9,0,130,109,84,73,67,98,41,0,0,0,1,1,0,0
114,1,218,21,11,21,110,130,109,84,73,100,1,0,0,0,1,1,0,0
127,4,315,20,10,7,114,110,130,109,84,102,3,0,0,0,1,1,0,0
139,4,309,23,10,0,127,114,110,130,109,103,7,0,0,0,1,1,0,0
127,4,289,22,13,0,139,127,114,110,130,103,12,0,0,0,1,1,0,0
92,3,348,22,13,2,127,139,127,114,110,103,5,0,0,0,1,1,0,0
119,3,265,26,10,0,92,127,139,127,114,102,-13,0,0,0,1,1,0,0
131,4,321,23,12,4,119,92,127,139,127,102,1,0,0,0,1,1,0,0
145,4,195,23,12,1,131,119,92,127,139,101,8,0,0,0,1,1,0,0
161,4,328,26,10,0,145,131,119,92,127,101,12,0,0,0,1,1,0,0
113,4,339,26,12,0,161,145,131,119,92,100,22,0,0,0,1,1,0,0
85,4,277,27,10,0,113,161,145,131,119,99,5,0,0,0,1,1,0,0
78,4,213,28,12,1,85,113,161,145,131,99,-5,0,0,0,1,1,0,0
72,4,263,28,13,0,78,85,113,161,145,100,-11,0,0,0,1,1,0,0
47,4,224,28,11,0,72,78,85,113,161,112,-15,0,0,0,1,1,0,0
91,4,222,28,10,0,47,72,78,85,113,113,-34,0,0,0,1,1,0,0
77,4,209,28,10,0,91,47,72,78,85,115,-19,0,0,0,1,1,0,0
63,4,218,28,9,0,77,91,47,72,78,116,-16,0,0,0,1,1,0,0
96,4,218,28,12,0,63,77,91,47,72,117,-26,0,0,0,1,1,0,0
78,4,235,29,10,0,96,63,77,91,47,118,-14,0,0,0,1,1,0,0
207,4,384,28,8,0,78,96,63,77,91,120,-20,0,0,0,1,1,0,0
135,4,190,29,9,0,207,78,96,63,77,121,39,0,0,0,1,1,0,0
75,2,186,14,9,0,97,82,105,51,32,72,23,0,0,0,1,0,1,0
111,3,182,16,10,26,75,97,82,105,51,73,-10,0,0,0,1,0,1,0
86,1,263,17,13,7,111,75,97,82,105,74,-22,0,0,0,1,0,1,0
79,2,277,17,16,7,86,111,75,97,82,75,-14,0,0,0,1,0,1,0
84,3,248,19,18,19,79,86,111,75,97,76,10,0,0,0,1,0,1,0
82,2,158,16,17,22,84,79,86,111,75,77,-16,0,0,0,1,0,1,0
83,4,258,18,11,1,82,84,79,86,111,78,0,0,0,0,1,0,1,0
97,2,329,17,15,0,83,82,84,79,86,79,17,0,0,0,1,0,1,0
59,4,286,19,14,0,97,83,82,84,79,79,33,0,0,0,1,0,1,0
94,4,156,19,14,17,59,97,83,82,84,80,-3,0,0,0,1,0,1,0
92,2,211,21,13,0,94,59,97,83,82,81,9,0,0,0,1,0,1,0
74,3,145,22,13,0,92,94,59,97,83,82,5,0,0,0,1,0,1,0
58,3,180,24,15,0,74,92,94,59,97,83,12,0,0,0,1,0,1,0
68,3,230,21,14,27,58,74,92,94,59,84,-20,0,0,0,1,0,1,0
100,3,170,22,15,0,68,58,74,92,94,85,-14,0,0,0,1,0,1,0
87,1,177,23,12,1,100,68,58,74,92,86,-8,0,0,0,1,0,1,0
104,2,232,24,16,0,87,100,68,58,74,87,-11,0,0,0,1,0,1,0
95,2,398,25,17,0,104,87,100,68,58,88,26,0,0,0,1,0,1,0
74,3,208,25,13,0,95,104,87,100,68,89,-5,0,0,0,1,0,1,0
101,1,152,26,17,0,74,95,104,87,100,90,0,0,0,0,1,0,1,0
112,2,163,27,15,0,101,74,95,104,87,91,-15,0,0,0,1,0,1,0
88,1,142,27,16,0,112,101,74,95,104,92,-7,0,0,0,1,0,1,0
80,2,140,28,17,0,88,112,101,74,95,93,-28,0,0,0,1,0,1,0
65,3,148,28,20,0,80,88,112,101,74,93,-59,0,0,0,1,0,1,0
53,2,294,28,18,0,65,80,88,112,101,94,-38,0,0,0,1,0,1,0
75,3,140,28,19,0,53,65,80,88,112,95,8,0,0,0,1,0,1,0
91,1,148,28,17,0,75,53,65,80,88,94,27,0,0,0,1,0,1,0
92,4,165,29,16,0,91,75,53,65,80,96,-28,0,0,0,1,0,1,0
97,2,152,29,12,0,92,91,75,53,65,96,-17,0,0,0,1,0,1,0
97,1,149,29,14,0,97,92,91,75,53,97,11,0,0,0,1,0,1,0
107,2,217,29,12,0,97,97,92,91,75,98,4,0,0,0,1,0,1,0
84,2,135,28,15,0,107,97,97,92,91,100,-2,0,0,0,1,0,1,0
73,1,170,28,14,0,84,107,97,97,92,102,-21,0,0,0,1,0,1,0
85,1,264,27,22,16,73,84,107,97,97,104,-30,0,0,0,1,0,1,0
37,3,129,25,13,9,85,73,84,107,97,105,-17,0,0,0,1,0,1,0
77,1,147,25,11,6,37,85,73,84,107,107,-17,0,0,0,1,0,1,0
100,2,244,23,16,30,77,37,85,73,84,108,-19,0,0,0,1,0,1,0
80,1,128,23,11,0,100,77,37,85,73,109,25,0,0,0,1,0,1,0
101,1,245,22,12,16,80,100,77,37,85,110,27,0,0,0,1,0,1,0
122,2,247,21,9,0,101,80,100,77,37,111,-25,0,0,0,1,0,1,0
151,3,183,20,12,46,122,101,80,100,77,112,12,0,0,0,1,0,1,0
124,1,270,18,18,38,151,122,101,80,100,113,-1,0,0,0,1,0,1,0
104,3,137,18,13,19,124,151,122,101,80,113,18,0,0,0,1,0,1,0
101,1,172,20,9,13,104,124,151,122,101,114,7,0,0,0,1,0,1,0
141,2,274,18,14,7,101,104,124,151,122,114,-2,0,0,0,1,0,1,0
114,2,496,17,11,17,141,101,104,124,151,115,28,0,0,0,1,0,1,0
134,4,327,17,15,3,114,141,101,104,124,116,30,0,0,0,1,0,1,0
82,2,243,15,19,35,134,114,141,101,104,116,38,0,0,0,1,0,1,0
102,1,533,10,16,18,82,134,114,141,101,117,-9,0,0,0,1,0,1,0
118,1,398,14,10,16,102,82,134,114,141,117,10,0,0,0,1,0,1,0
167,1,357,17,9,0,118,102,82,134,114,117,13,0,0,0,1,0,1,0
177,2,248,16,15,16,167,118,102,82,134,118,65,0,0,0,1,0,1,0
145,3,330,17,20,9,177,167,118,102,82,120,23,0,0,0,1,0,1,0
98,1,143,12,22,41,145,177,167,118,102,121,-10,0,0,0,1,0,1,0
164,2,438,12,18,22,98,145,177,167,118,121,-22,0,0,0,1,0,1,0
177,2,544,17,15,5,164,98,145,177,167,122,-14,0,0,0,1,0,1,0
162,1,676,18,9,0,177,164,98,145,177,123,10,0,0,0,1,0,1,0
186,1,289,17,15,6,162,177,164,98,145,123,-16,0,0,0,1,0,1,0
165,3,294,16,20,7,186,162,177,164,98,124,0,0,0,0,1,0,1,0
176,2,406,19,13,3,165,186,162,177,164,125,17,0,0,0,1,0,1,0
165,1,250,18,15,0,176,165,186,162,177,126,33,0,0,0,1,0,1,0
130,1,339,17,19,28,165,176,165,186,162,126,-3,0,0,0,1,0,1,0
137,2,236,19,16,1,130,165,176,165,186,127,9,0,0,0,1,0,1,0
143,3,335,19,19,1,137,130,165,176,165,129,5,0,0,0,1,0,1,0
110,3,148,21,14,1,143,137,130,165,176,131,12,0,0,0,1,0,1,0
111,3,261,22,12,2,110,143,137,130,165,133,-20,0,0,0,1,0,1,0
111,1,161,25,13,3,111,110,143,137,130,134,-14,0,0,0,1,0,1,0
123,3,416,24,14,1,111,111,110,143,137,135,-8,0,0,0,1,0,1,0
122,1,505,25,16,3,123,111,111,110,143,135,-11,0,0,0,1,0,1,0
127,2,148,25,12,0,122,123,111,111,110,136,26,0,0,0,1,0,1,0
128,3,248,24,12,0,127,122,123,111,111,137,-5,0,0,0,1,0,1,0
114,1,285,26,17,0,128,127,122,123,111,138,0,0,0,0,1,0,1,0
134,4,366,26,20,0,114,128,127,122,123,140,-15,0,0,0,1,0,1,0
114,1,399,26,14,0,134,114,128,127,122,141,-7,0,0,0,1,0,1,0
66,1,255,27,14,0,114,134,114,128,127,143,-28,0,0,0,1,0,1,0
76,1,164,27,14,0,66,114,134,114,128,144,-59,0,0,0,1,0,1,0
164,2,165,29,12,0,76,66,114,134,114,145,-38,0,0,0,1,0,1,0
174,3,226,29,13,0,164,76,66,114,134,146,8,0,0,0,1,0,1,0
105,2,338,30,13,0,174,164,76,66,114,146,27,0,0,0,1,0,1,0
114,3,242,30,13,0,105,174,164,76,66,145,-28,0,0,0,1,0,1,0
134,2,167,29,15,0,114,105,174,164,76,144,-17,0,0,0,1,0,1,0
151,1,156,29,11,0,134,114,105,174,164,142,11,0,0,0,1,0,1,0
131,1,150,29,10,0,151,134,114,105,174,140,4,0,0,0,1,0,1,0
149,1,120,30,11,0,131,151,134,114,105,138,-2,0,0,0,1,0,1,0
120,2,118,29,11,0,149,131,151,134,114,136,-21,0,0,0,1,0,1,0
51,1,120,28,13,0,120,149,131,151,134,134,-30,0,0,0,1,0,1,0
132,2,167,28,11,0,51,120,149,131,151,134,-17,0,0,0,1,0,1,0
104,2,154,26,14,5,132,51,120,149,131,133,-17,0,0,0,1,0,1,0
226,3,149,26,10,0,104,132,51,120,149,133,-19,0,0,0,1,0,1,0
209,2,157,25,12,57,226,104,132,51,120,133,25,0,0,0,1,0,1,0
159,3,283,22,11,10,209,226,104,132,51,133,27,0,0,0,1,0,1,0
188,4,275,22,10,6,159,209,226,104,132,133,-25,0,0,0,1,0,1,0
140,3,319,21,9,3,188,159,209,226,104,133,12,0,0,0,1,0,1,0
196,3,234,20,8,0,140,188,159,209,226,134,-1,0,0,0,1,0,1,0
143,3,178,20,10,30,196,140,188,159,209,133,18,0,0,0,1,0,1,0
161,2,264,15,12,4,143,196,140,188,159,134,7,0,0,0,1,0,1,0
186,4,236,17,7,7,161,143,196,140,188,134,-2,0,0,0,1,0,1,0
204,3,288,17,9,17,186,161,143,196,140,134,28,0,0,0,1,0,1,0
237,2,245,17,7,0,204,186,161,143,196,134,30,0,0,0,1,0,1,0
150,1,207,13,17,22,237,204,186,161,143,133,38,0,0,0,1,0,1,0
166,3,261,16,14,14,150,237,204,186,161,133,-9,0,0,0,1,0,1,0
156,1,287,15,17,14,166,150,237,204,186,132,10,0,0,0,1,0,1,0
213,2,235,12,14,9,156,166,150,237,204,132,13,0,0,0,1,0,1,0
119,3,552,12,9,0,213,156,166,150,237,132,65,0,0,0,1,0,1,0
75,3,329,15,15,0,119,213,156,166,150,132,23,0,0,0,1,0,1,0
53,2,250,17,8,0,75,119,213,156,166,132,-10,0,0,0,1,0,1,0
38,2,345,18,13,25,53,75,119,213,156,132,-22,0,0,0,1,0,1,0
105,3,329,18,9,0,38,53,75,119,213,132,-14,0,0,0,1,0,1,0
37,1,315,18,13,0,105,38,53,75,119,132,10,0,0,0,1,0,1,0
66,1,188,18,16,11,37,105,38,53,75,132,-16,0,0,0,1,0,1,0
136,1,392,17,13,1,66,37,105,38,53,130,0,0,0,0,1,0,1,0
160,1,350,18,14,1,136,66,37,105,38,129,17,0,0,0,1,0,1,0
105,1,441,19,9,0,160,136,66,37,105,130,33,0,0,0,1,0,1,0
143,1,204,21,11,21,105,160,136,66,37,131,-3,0,0,0,1,0,1,0
127,4,298,20,10,7,143,105,160,136,66,131,9,0,0,0,1,0,1,0
163,4,287,23,10,0,127,143,105,160,136,130,5,0,0,0,1,0,1,0
116,4,269,22,13,0,163,127,143,105,160,128,12,0,0,0,1,0,1,0
124,3,337,22,13,2,116,163,127,143,105,127,-20,0,0,0,1,0,1,0
109,3,246,26,10,0,124,116,163,127,143,124,-14,0,0,0,1,0,1,0
99,4,304,23,12,4,109,124,116,163,127,123,-8,0,0,0,1,0,1,0
197,4,186,23,12,1,99,109,124,116,163,121,-11,0,0,0,1,0,1,0
109,4,299,26,10,0,197,99,109,124,116,120,26,0,0,0,1,0,1,0
