date,demand,distance,service_General Medicine,service_Gynaecology,service_Pediatrics,service_Pharmacy,mohafaza_B,mohafaza_N,mohafaza_NE
2014-03-11,195,231,1,0,0,0,0,0,1
2014-03-18,187,144,1,0,0,0,0,0,1
2014-03-25,193,245,1,0,0,0,0,0,1
2014-04-01,242,317,1,0,0,0,0,0,1
2014-04-08,154,278,1,0,0,0,0,0,1
2014-04-15,237,151,1,0,0,0,0,0,1
2014-04-22,235,204,1,0,0,0,0,0,1
2014-04-29,175,135,1,0,0,0,0,0,1
2014-05-06,243,171,1,0,0,0,0,0,1
2014-05-13,237,225,1,0,0,0,0,0,1
2014-05-20,208,155,1,0,0,0,0,0,1
2014-05-27,273,158,1,0,0,0,0,0,1
2014-06-03,183,222,1,0,0,0,0,0,1
2014-06-10,207,389,1,0,0,0,0,0,1
2014-06-17,221,204,1,0,0,0,0,0,1
2014-06-24,219,151,1,0,0,0,0,0,1
2014-07-01,193,157,1,0,0,0,0,0,1
2014-07-08,224,142,1,0,0,0,0,0,1
2014-07-15,194,139,1,0,0,0,0,0,1
2014-07-22,178,140,1,0,0,0,0,0,1
2014-07-29,103,288,1,0,0,0,0,0,1
2014-08-05,174,139,1,0,0,0,0,0,1
2014-08-12,166,139,1,0,0,0,0,0,1
2014-08-19,191,152,1,0,0,0,0,0,1
2014-08-26,170,140,1,0,0,0,0,0,1
2014-09-02,177,141,1,0,0,0,0,0,1
2014-09-09,214,210,1,0,0,0,0,0,1
2014-09-16,173,128,1,0,0,0,0,0,1
2014-09-23,169,159,1,0,0,0,0,0,1
2014-09-30,165,252,1,0,0,0,0,0,1
2014-10-07,98,120,1,0,0,0,0,0,1
2014-10-14,212,142,1,0,0,0,0,0,1
2014-10-21,173,241,1,0,0,0,0,0,1
2014-10-28,193,121,1,0,0,0,0,0,1
2014-11-04,167,234,1,0,0,0,0,0,1
2014-11-11,205,237,1,0,0,0,0,0,1
2014-11-18,212,176,1,0,0,0,0,0,1
2014-11-25,190,262,1,0,0,0,0,0,1
2014-12-02,184,134,1,0,0,0,0,0,1
2014-12-09,172,168,1,0,0,0,0,0,1
2014-12-16,169,261,1,0,0,0,0,0,1
2014-12-23,222,491,1,0,0,0,0,0,1
2014-12-30,195,319,1,0,0,0,0,0,1
2015-01-06,168,237,1,0,0,0,0,0,1
2015-01-13,157,512,1,0,0,0,0,0,1
2015-01-20,190,378,1,0,0,0,0,0,1
2015-01-27,216,342,1,0,0,0,0,0,1
2015-02-03,217,238,1,0,0,0,0,0,1
2015-02-10,240,328,1,0,0,0,0,0,1
2015-02-17,216,138,1,0,0,0,0,0,1
2015-02-24,205,435,1,0,0,0,0,0,1
2015-03-03,206,529,1,0,0,0,0,0,1
2015-03-10,244,669,1,0,0,0,0,0,1
2015-03-17,228,278,1,0,0,0,0,0,1
2015-03-24,216,287,1,0,0,0,0,0,1
2015-03-31,198,393,1,0,0,0,0,0,1
2015-04-07,179,250,1,0,0,0,0,0,1
2015-04-14,190,333,1,0,0,0,0,0,1
2015-04-21,201,235,1,0,0,0,0,0,1
2015-04-28,187,333,1,0,0,0,0,0,1
2015-05-05,185,145,1,0,0,0,0,0,1
2015-05-12,193,252,1,0,0,0,0,0,1
2015-05-19,211,155,1,0,0,0,0,0,1
2015-05-26,201,406,1,0,0,0,0,0,1
2015-06-02,188,488,1,0,0,0,0,0,1
2015-06-09,190,141,1,0,0,0,0,0,1
2015-06-16,192,239,1,0,0,0,0,0,1
2015-06-23,183,274,1,0,0,0,0,0,1
2015-06-30,156,360,1,0,0,0,0,0,1
2015-07-07,157,396,1,0,0,0,0,0,1
2015-07-14,146,252,1,0,0,0,0,0,1
2015-07-21,106,159,1,0,0,0,0,0,1
2015-07-28,189,160,1,0,0,0,0,0,1
2015-08-04,151,215,1,0,0,0,0,0,1
2015-08-11,165,328,1,0,0,0,0,0,1
2015-08-18,178,234,1,0,0,0,0,0,1
2015-08-25,177,152,1,0,0,0,0,0,1
2015-09-01,193,153,1,0,0,0,0,0,1
2015-09-08,166,143,1,0,0,0,0,0,1
2015-09-15,182,125,1,0,0,0,0,0,1
2015-09-22,182,120,1,0,0,0,0,0,1
2015-09-29,78,124,1,0,0,0,0,0,1
2015-10-06,174,154,1,0,0,0,0,0,1
2015-10-13,177,145,1,0,0,0,0,0,1
2015-10-20,174,136,1,0,0,0,0,0,1
2015-10-27,177,145,1,0,0,0,0,0,1
2015-11-03,160,271,1,0,0,0,0,0,1
2015-11-10,181,263,1,0,0,0,0,0,1
2015-11-17,168,310,1,0,0,0,0,0,1
2015-11-24,150,224,1,0,0,0,0,0,1
2015-12-01,190,162,1,0,0,0,0,0,1
2015-12-08,166,246,1,0,0,0,0,0,1
2015-12-15,209,217,1,0,0,0,0,0,1
2015-12-22,214,265,1,0,0,0,0,0,1
2015-12-29,248,228,1,0,0,0,0,0,1
2016-01-05,192,188,1,0,0,0,0,0,1
2016-01-12,191,248,1,0,0,0,0,0,1
2016-01-19,159,261,1,0,0,0,0,0,1
2016-01-26,181,208,1,0,0,0,0,0,1
2016-02-02,282,529,1,0,0,0,0,0,1
2016-02-09,203,317,1,0,0,0,0,0,1
2016-02-16,210,233,1,0,0,0,0,0,1
2016-02-23,210,326,1,0,0,0,0,0,1
2016-03-01,188,316,1,0,0,0,0,0,1
2016-03-08,199,298,1,0,0,0,0,0,1
2016-03-15,173,177,1,0,0,0,0,0,1
2016-03-22,171,389,1,0,0,0,0,0,1
2016-03-29,142,346,1,0,0,0,0,0,1
2016-04-05,153,427,1,0,0,0,0,0,1
2016-04-12,166,186,1,0,0,0,0,0,1
2016-04-19,180,279,1,0,0,0,0,0,1
2016-04-26,145,265,1,0,0,0,0,0,1
2016-05-03,159,248,1,0,0,0,0,0,1
2016-05-10,188,322,1,0,0,0,0,0,1
2016-05-17,151,225,1,0,0,0,0,0,1
2016-05-24,171,284,1,0,0,0,0,0,1
2016-05-31,137,173,1,0,0,0,0,0,1
2016-06-07,156,271,1,0,0,0,0,0,1
2014-02-18,4,205,1,0,0,0,1,0,0
2014-02-25,3,286,1,0,0,0,1,0,0
2014-03-04,7,294,1,0,0,0,1,0,0
2014-03-11,7,265,1,0,0,0,1,0,0
2014-03-18,2,174,1,0,0,0,1,0,0
2014-03-25,3,272,1,0,0,0,1,0,0
2014-04-01,2,344,1,0,0,0,1,0,0
2014-04-08,8,291,1,0,0,0,1,0,0
2014-04-15,12,159,1,0,0,0,1,0,0
2014-04-22,7,217,1,0,0,0,1,0,0
2014-04-29,7,155,1,0,0,0,1,0,0
2014-05-06,4,187,1,0,0,0,1,0,0
2014-05-13,3,233,1,0,0,0,1,0,0
2014-05-20,4,187,1,0,0,0,1,0,0
2014-05-27,7,197,1,0,0,0,1,0,0
2014-06-03,4,243,1,0,0,0,1,0,0
2014-06-10,5,405,1,0,0,0,1,0,0
2014-06-17,6,209,1,0,0,0,1,0,0
2014-06-24,6,147,1,0,0,0,1,0,0
2014-07-01,11,167,1,0,0,0,1,0,0
2014-07-08,2,137,1,0,0,0,1,0,0
2014-07-15,6,140,1,0,0,0,1,0,0
2014-07-22,1,156,1,0,0,0,1,0,0
2014-07-29,1,298,1,0,0,0,1,0,0
2014-08-05,9,140,1,0,0,0,1,0,0
2014-08-12,6,161,1,0,0,0,1,0,0
2014-08-19,10,179,1,0,0,0,1,0,0
2014-08-26,4,163,1,0,0,0,1,0,0
2014-09-02,4,159,1,0,0,0,1,0,0
2014-09-09,12,227,1,0,0,0,1,0,0
2014-09-16,5,146,1,0,0,0,1,0,0
2014-09-23,12,180,1,0,0,0,1,0,0
2014-09-30,13,276,1,0,0,0,1,0,0
2014-10-07,7,139,1,0,0,0,1,0,0
2014-10-14,2,152,1,0,0,0,1,0,0
2014-10-21,18,247,1,0,0,0,1,0,0
2014-10-28,11,136,1,0,0,0,1,0,0
2014-11-04,10,253,1,0,0,0,1,0,0
2014-11-11,7,258,1,0,0,0,1,0,0
2014-11-18,10,187,1,0,0,0,1,0,0
2014-11-25,12,275,1,0,0,0,1,0,0
2014-12-02,8,137,1,0,0,0,1,0,0
2014-12-09,10,172,1,0,0,0,1,0,0
2014-12-16,4,286,1,0,0,0,1,0,0
2014-12-23,10,495,1,0,0,0,1,0,0
2014-12-30,10,332,1,0,0,0,1,0,0
2015-01-06,6,248,1,0,0,0,1,0,0
2015-01-13,1,561,1,0,0,0,1,0,0
2015-01-20,5,420,1,0,0,0,1,0,0
2015-01-27,11,374,1,0,0,0,1,0,0
2015-02-03,11,258,1,0,0,0,1,0,0
2015-02-10,6,327,1,0,0,0,1,0,0
2015-02-17,3,150,1,0,0,0,1,0,0
2015-02-24,5,440,1,0,0,0,1,0,0
2015-03-03,3,554,1,0,0,0,1,0,0
2015-03-10,13,682,1,0,0,0,1,0,0
2015-03-17,3,304,1,0,0,0,1,0,0
2015-03-24,5,298,1,0,0,0,1,0,0
2015-03-31,4,423,1,0,0,0,1,0,0
2015-04-07,7,246,1,0,0,0,1,0,0
2015-04-14,3,342,1,0,0,0,1,0,0
2015-04-21,2,234,1,0,0,0,1,0,0
2015-04-28,6,333,1,0,0,0,1,0,0
2015-05-05,4,149,1,0,0,0,1,0,0
2015-05-12,3,266,1,0,0,0,1,0,0
2015-05-19,4,166,1,0,0,0,1,0,0
2015-05-26,5,424,1,0,0,0,1,0,0
2015-06-02,4,521,1,0,0,0,1,0,0
2015-06-09,21,154,1,0,0,0,1,0,0
2015-06-16,36,255,1,0,0,0,1,0,0
2015-06-23,64,290,1,0,0,0,1,0,0
2015-06-30,40,366,1,0,0,0,1,0,0
2015-07-07,31,395,1,0,0,0,1,0,0
2015-07-14,30,256,1,0,0,0,1,0,0
2015-07-21,20,170,1,0,0,0,1,0,0
2015-07-28,44,167,1,0,0,0,1,0,0
2015-08-04,44,236,1,0,0,0,1,0,0
2015-08-11,45,346,1,0,0,0,1,0,0
2015-08-18,45,250,1,0,0,0,1,0,0
2015-08-25,46,184,1,0,0,0,1,0,0
2015-09-01,55,158,1,0,0,0,1,0,0
2015-09-08,59,159,1,0,0,0,1,0,0
2015-09-15,52,110,1,0,0,0,1,0,0
2015-09-22,35,114,1,0,0,0,1,0,0
2015-09-29,9,112,1,0,0,0,1,0,0
2015-10-06,52,179,1,0,0,0,1,0,0
2015-10-13,55,161,1,0,0,0,1,0,0
2015-10-20,73,163,1,0,0,0,1,0,0
2015-10-27,62,169,1,0,0,0,1,0,0
2015-11-03,52,291,1,0,0,0,1,0,0
2015-11-10,67,285,1,0,0,0,1,0,0
2015-11-17,58,326,1,0,0,0,1,0,0
2015-11-24,51,241,1,0,0,0,1,0,0
2015-12-01,62,193,1,0,0,0,1,0,0
2015-12-08,50,279,1,0,0,0,1,0,0
2015-12-15,53,253,1,0,0,0,1,0,0
2015-12-22,79,313,1,0,0,0,1,0,0
2015-12-29,88,261,1,0,0,0,1,0,0
2016-01-05,57,225,1,0,0,0,1,0,0
2016-01-12,46,273,1,0,0,0,1,0,0
2016-01-19,74,315,1,0,0,0,1,0,0
2016-01-26,50,262,1,0,0,0,1,0,0
2016-02-02,49,574,1,0,0,0,1,0,0
2016-02-09,56,341,1,0,0,0,1,0,0
2016-02-16,53,267,1,0,0,0,1,0,0
2016-02-23,58,361,1,0,0,0,1,0,0
2016-03-01,58,338,1,0,0,0,1,0,0
2016-03-08,39,330,1,0,0,0,1,0,0
2016-03-15,36,196,1,0,0,0,1,0,0
2016-03-22,39,384,1,0,0,0,1,0,0
2016-03-29,42,345,1,0,0,0,1,0,0
2016-04-05,66,449,1,0,0,0,1,0,0
2016-04-12,54,218,1,0,0,0,1,0,0
2016-04-19,60,315,1,0,0,0,1,0,0
2016-04-26,64,309,1,0,0,0,1,0,0
2016-05-03,53,289,1,0,0,0,1,0,0
2016-05-10,52,348,1,0,0,0,1,0,0
2016-05-17,61,265,1,0,0,0,1,0,0
2016-05-24,70,321,1,0,0,0,1,0,0
2016-05-31,77,195,1,0,0,0,1,0,0
2016-06-07,75,328,1,0,0,0,1,0,0
2014-02-11,22,186,1,0,0,0,0,1,0
2014-02-18,15,182,1,0,0,0,0,1,0
2014-02-25,27,263,1,0,0,0,0,1,0
2014-03-04,30,277,1,0,0,0,0,1,0
2014-03-11,83,248,1,0,0,0,0,1,0
2014-03-18,44,158,1,0,0,0,0,1,0
2014-03-25,29,258,1,0,0,0,0,1,0
2014-04-01,56,329,1,0,0,0,0,1,0
2014-04-08,14,286,1,0,0,0,0,1,0
2014-04-15,29,156,1,0,0,0,0,1,0
2014-04-22,46,211,1,0,0,0,0,1,0
2014-04-29,18,145,1,0,0,0,0,1,0
2014-05-06,20,180,1,0,0,0,0,1,0
2014-05-13,24,230,1,0,0,0,0,1,0
2014-05-20,48,170,1,0,0,0,0,1,0
2014-05-27,33,177,1,0,0,0,0,1,0
2014-06-03,41,232,1,0,0,0,0,1,0
2014-06-10,34,398,1,0,0,0,0,1,0
2014-06-17,16,208,1,0,0,0,0,1,0
2014-06-24,22,152,1,0,0,0,0,1,0
2014-07-01,34,163,1,0,0,0,0,1,0
2014-07-08,29,142,1,0,0,0,0,1,0
2014-07-15,20,140,1,0,0,0,0,1,0
2014-07-22,25,148,1,0,0,0,0,1,0
2014-07-29,6,294,1,0,0,0,0,1,0
2014-08-05,17,140,1,0,0,0,0,1,0
2014-08-12,31,148,1,0,0,0,0,1,0
2014-08-19,20,165,1,0,0,0,0,1,0
2014-08-26,25,152,1,0,0,0,0,1,0
2014-09-02,31,149,1,0,0,0,0,1,0
2014-09-09,57,217,1,0,0,0,0,1,0
2014-09-16,32,135,1,0,0,0,0,1,0
2014-09-23,44,170,1,0,0,0,0,1,0
2014-09-30,45,264,1,0,0,0,0,1,0
2014-10-07,6,129,1,0,0,0,0,1,0
2014-10-14,45,147,1,0,0,0,0,1,0
2014-10-21,52,244,1,0,0,0,0,1,0
2014-10-28,34,128,1,0,0,0,0,1,0
2014-11-04,59,245,1,0,0,0,0,1,0
2014-11-11,59,247,1,0,0,0,0,1,0
2014-11-18,49,183,1,0,0,0,0,1,0
2014-11-25,44,270,1,0,0,0,0,1,0
2014-12-02,42,137,1,0,0,0,0,1,0
2014-12-09,58,172,1,0,0,0,0,1,0
2014-12-16,56,274,1,0,0,0,0,1,0
2014-12-23,61,496,1,0,0,0,0,1,0
2014-12-30,59,327,1,0,0,0,0,1,0
2015-01-06,32,243,1,0,0,0,0,1,0
2015-01-13,44,533,1,0,0,0,0,1,0
2015-01-20,51,398,1,0,0,0,0,1,0
2015-01-27,66,357,1,0,0,0,0,1,0
2015-02-03,66,248,1,0,0,0,0,1,0
2015-02-10,49,330,1,0,0,0,0,1,0
2015-02-17,48,143,1,0,0,0,0,1,0
2015-02-24,58,438,1,0,0,0,0,1,0
2015-03-03,54,544,1,0,0,0,0,1,0
2015-03-10,76,676,1,0,0,0,0,1,0
2015-03-17,82,289,1,0,0,0,0,1,0
2015-03-24,64,294,1,0,0,0,0,1,0
2015-03-31,72,406,1,0,0,0,0,1,0
2015-04-07,85,250,1,0,0,0,0,1,0
2015-04-14,63,339,1,0,0,0,0,1,0
2015-04-21,60,236,1,0,0,0,0,1,0
2015-04-28,66,335,1,0,0,0,0,1,0
2015-05-05,61,148,1,0,0,0,0,1,0
2015-05-12,54,261,1,0,0,0,0,1,0
2015-05-19,41,161,1,0,0,0,0,1,0
2015-05-26,46,416,1,0,0,0,0,1,0
2015-06-02,40,505,1,0,0,0,0,1,0
2015-06-09,48,148,1,0,0,0,0,1,0
2015-06-16,45,248,1,0,0,0,0,1,0
2015-06-23,45,285,1,0,0,0,0,1,0
2015-06-30,53,366,1,0,0,0,0,1,0
2015-07-07,54,399,1,0,0,0,0,1,0
2015-07-14,44,255,1,0,0,0,0,1,0
2015-07-21,35,164,1,0,0,0,0,1,0
2015-07-28,68,165,1,0,0,0,0,1,0
2015-08-04,69,226,1,0,0,0,0,1,0
2015-08-11,39,338,1,0,0,0,0,1,0
2015-08-18,53,242,1,0,0,0,0,1,0
2015-08-25,59,167,1,0,0,0,0,1,0
2015-09-01,57,156,1,0,0,0,0,1,0
2015-09-08,60,150,1,0,0,0,0,1,0
2015-09-15,73,120,1,0,0,0,0,1,0
2015-09-22,64,118,1,0,0,0,0,1,0
2015-09-29,31,120,1,0,0,0,0,1,0
2015-10-06,85,167,1,0,0,0,0,1,0
2015-10-13,60,154,1,0,0,0,0,1,0
2015-10-20,73,149,1,0,0,0,0,1,0
2015-10-27,62,157,1,0,0,0,0,1,0
2015-11-03,78,283,1,0,0,0,0,1,0
2015-11-10,78,275,1,0,0,0,0,1,0
2015-11-17,76,319,1,0,0,0,0,1,0
2015-11-24,69,234,1,0,0,0,0,1,0
2015-12-01,87,178,1,0,0,0,0,1,0
2015-12-08,91,264,1,0,0,0,0,1,0
2015-12-15,79,236,1,0,0,0,0,1,0
2015-12-22,107,288,1,0,0,0,0,1,0
2015-12-29,91,245,1,0,0,0,0,1,0
2016-01-05,82,207,1,0,0,0,0,1,0
2016-01-12,76,261,1,0,0,0,0,1,0
2016-01-19,72,287,1,0,0,0,0,1,0
2016-01-26,57,235,1,0,0,0,0,1,0
2016-02-02,66,552,1,0,0,0,0,1,0
2016-02-09,38,329,1,0,0,0,0,1,0
2016-02-16,28,250,1,0,0,0,0,1,0
2016-02-23,26,345,1,0,0,0,0,1,0
2016-03-01,21,329,1,0,0,0,0,1,0
2016-03-08,18,315,1,0,0,0,0,1,0
2016-03-15,33,188,1,0,0,0,0,1,0
2016-03-22,46,392,1,0,0,0,0,1,0
2016-03-29,51,350,1,0,0,0,0,1,0
2016-04-05,45,441,1,0,0,0,0,1,0
2016-04-12,32,204,1,0,0,0,0,1,0
2016-04-19,46,298,1,0,0,0,0,1,0
2016-04-26,65,287,1,0,0,0,0,1,0
2016-05-03,65,269,1,0,0,0,0,1,0
2016-05-10,69,337,1,0,0,0,0,1,0
2016-05-17,48,246,1,0,0,0,0,1,0
2016-05-24,31,304,1,0,0,0,0,1,0
2016-05-31,26,186,1,0,0,0,0,1,0
2016-06-07,24,299,1,0,0,0,0,1,0
2014-02-11,16,160,0,1,0,0,0,0,1
2014-02-18,46,163,0,1,0,0,0,0,1
2014-02-25,37,246,0,1,0,0,0,0,1
2014-03-04,31,264,0,1,0,0,0,0,1
2014-03-11,50,231,0,1,0,0,0,0,1
2014-03-18,43,144,0,1,0,0,0,0,1
2014-03-25,16,245,0,1,0,0,0,0,1
2014-04-01,55,317,0,1,0,0,0,0,1
2014-04-08,59,278,0,1,0,0,0,0,1
2014-04-15,52,151,0,1,0,0,0,0,1
2014-04-22,65,204,0,1,0,0,0,0,1
2014-04-29,26,135,0,1,0,0,0,0,1
2014-05-06,53,171,0,1,0,0,0,0,1
2014-05-13,44,225,0,1,0,0,0,0,1
2014-05-20,52,155,0,1,0,0,0,0,1
2014-05-27,36,158,0,1,0,0,0,0,1
2014-06-03,58,222,0,1,0,0,0,0,1
2014-06-10,58,389,0,1,0,0,0,0,1
2014-06-17,32,204,0,1,0,0,0,0,1
2014-06-24,37,151,0,1,0,0,0,0,1
2014-07-01,50,157,0,1,0,0,0,0,1
2014-07-08,55,142,0,1,0,0,0,0,1
2014-07-15,22,139,0,1,0,0,0,0,1
2014-07-22,47,140,0,1,0,0,0,0,1
2014-07-29,15,288,0,1,0,0,0,0,1
2014-08-05,49,139,0,1,0,0,0,0,1
2014-08-12,32,139,0,1,0,0,0,0,1
2014-08-19,26,152,0,1,0,0,0,0,1
2014-08-26,63,140,0,1,0,0,0,0,1
2014-09-02,59,141,0,1,0,0,0,0,1
2014-09-09,41,210,0,1,0,0,0,0,1
2014-09-16,51,128,0,1,0,0,0,0,1
2014-09-23,48,159,0,1,0,0,0,0,1
2014-09-30,34,252,0,1,0,0,0,0,1
2014-10-07,18,120,0,1,0,0,0,0,1
2014-10-14,59,142,0,1,0,0,0,0,1
2014-10-21,37,241,0,1,0,0,0,0,1
2014-10-28,51,121,0,1,0,0,0,0,1
2014-11-04,53,234,0,1,0,0,0,0,1
2014-11-11,50,237,0,1,0,0,0,0,1
2014-11-18,34,176,0,1,0,0,0,0,1
2014-11-25,55,262,0,1,0,0,0,0,1
2014-12-02,50,134,0,1,0,0,0,0,1
2014-12-09,71,168,0,1,0,0,0,0,1
2014-12-16,54,261,0,1,0,0,0,0,1
2014-12-23,63,491,0,1,0,0,0,0,1
2014-12-30,25,319,0,1,0,0,0,0,1
2015-01-06,60,237,0,1,0,0,0,0,1
2015-01-13,55,512,0,1,0,0,0,0,1
2015-01-20,47,378,0,1,0,0,0,0,1
2015-01-27,42,342,0,1,0,0,0,0,1
2015-02-03,81,238,0,1,0,0,0,0,1
2015-02-10,55,328,0,1,0,0,0,0,1
2015-02-17,69,138,0,1,0,0,0,0,1
2015-02-24,53,435,0,1,0,0,0,0,1
2015-03-03,32,529,0,1,0,0,0,0,1
2015-03-10,89,669,0,1,0,0,0,0,1
2015-03-17,49,278,0,1,0,0,0,0,1
2015-03-24,72,287,0,1,0,0,0,0,1
2015-03-31,44,393,0,1,0,0,0,0,1
2015-04-07,81,250,0,1,0,0,0,0,1
2015-04-14,35,333,0,1,0,0,0,0,1
2015-04-21,73,235,0,1,0,0,0,0,1
2015-04-28,49,333,0,1,0,0,0,0,1
2015-05-05,55,145,0,1,0,0,0,0,1
2015-05-12,54,252,0,1,0,0,0,0,1
2015-05-19,49,155,0,1,0,0,0,0,1
2015-05-26,42,406,0,1,0,0,0,0,1
2015-06-02,61,488,0,1,0,0,0,0,1
2015-06-09,70,141,0,1,0,0,0,0,1
2015-06-16,68,239,0,1,0,0,0,0,1
2015-06-23,61,274,0,1,0,0,0,0,1
2015-06-30,58,360,0,1,0,0,0,0,1
2015-07-07,77,396,0,1,0,0,0,0,1
2015-07-14,59,252,0,1,0,0,0,0,1
2015-07-21,23,159,0,1,0,0,0,0,1
2015-07-28,68,160,0,1,0,0,0,0,1
2015-08-04,79,215,0,1,0,0,0,0,1
2015-08-11,60,328,0,1,0,0,0,0,1
2015-08-18,66,234,0,1,0,0,0,0,1
2015-08-25,50,152,0,1,0,0,0,0,1
2015-09-01,49,153,0,1,0,0,0,0,1
2015-09-08,49,143,0,1,0,0,0,0,1
2015-09-15,45,125,0,1,0,0,0,0,1
2015-09-22,72,120,0,1,0,0,0,0,1
2015-09-29,8,124,0,1,0,0,0,0,1
2015-10-06,92,154,0,1,0,0,0,0,1
2015-10-13,68,145,0,1,0,0,0,0,1
2015-10-20,52,136,0,1,0,0,0,0,1
2015-10-27,59,145,0,1,0,0,0,0,1
2015-11-03,60,271,0,1,0,0,0,0,1
2015-11-10,72,263,0,1,0,0,0,0,1
2015-11-17,52,310,0,1,0,0,0,0,1
2015-11-24,74,224,0,1,0,0,0,0,1
2015-12-01,73,162,0,1,0,0,0,0,1
2015-12-08,63,246,0,1,0,0,0,0,1
2015-12-15,51,217,0,1,0,0,0,0,1
2015-12-22,90,265,0,1,0,0,0,0,1
2015-12-29,42,228,0,1,0,0,0,0,1
2016-01-05,61,188,0,1,0,0,0,0,1
2016-01-12,79,248,0,1,0,0,0,0,1
2016-01-19,58,261,0,1,0,0,0,0,1
2016-01-26,59,208,0,1,0,0,0,0,1
2016-02-02,72,529,0,1,0,0,0,0,1
2016-02-09,113,317,0,1,0,0,0,0,1
2016-02-16,65,233,0,1,0,0,0,0,1
2016-02-23,90,326,0,1,0,0,0,0,1
2016-03-01,82,316,0,1,0,0,0,0,1
2016-03-08,70,298,0,1,0,0,0,0,1
2016-03-15,94,177,0,1,0,0,0,0,1
2016-03-22,69,389,0,1,0,0,0,0,1
2016-03-29,73,346,0,1,0,0,0,0,1
2016-04-05,103,427,0,1,0,0,0,0,1
2016-04-12,76,186,0,1,0,0,0,0,1
2016-04-19,69,279,0,1,0,0,0,0,1
2016-04-26,79,265,0,1,0,0,0,0,1
2016-05-03,65,248,0,1,0,0,0,0,1
2016-05-10,89,322,0,1,0,0,0,0,1
2016-05-17,150,225,0,1,0,0,0,0,1
2016-05-24,73,284,0,1,0,0,0,0,1
2016-05-31,102,173,0,1,0,0,0,0,1
2016-06-07,105,271,0,1,0,0,0,0,1
2014-02-11,9,219,0,1,0,0,1,0,0
2014-02-18,9,205,0,1,0,0,1,0,0
2014-02-25,7,286,0,1,0,0,1,0,0
2014-03-04,6,294,0,1,0,0,1,0,0
2014-03-11,20,265,0,1,0,0,1,0,0
2014-03-18,11,174,0,1,0,0,1,0,0
2014-03-25,10,272,0,1,0,0,1,0,0
2014-04-01,14,344,0,1,0,0,1,0,0
2014-04-08,13,291,0,1,0,0,1,0,0
2014-04-15,15,159,0,1,0,0,1,0,0
2014-04-22,17,217,0,1,0,0,1,0,0
2014-04-29,8,155,0,1,0,0,1,0,0
2014-05-06,8,187,0,1,0,0,1,0,0
2014-05-13,20,233,0,1,0,0,1,0,0
2014-05-20,19,187,0,1,0,0,1,0,0
2014-05-27,13,197,0,1,0,0,1,0,0
2014-06-03,15,243,0,1,0,0,1,0,0
2014-06-10,17,405,0,1,0,0,1,0,0
2014-06-17,17,209,0,1,0,0,1,0,0
2014-06-24,9,147,0,1,0,0,1,0,0
2014-07-01,6,167,0,1,0,0,1,0,0
2014-07-08,8,137,0,1,0,0,1,0,0
2014-07-15,7,140,0,1,0,0,1,0,0
2014-07-22,15,156,0,1,0,0,1,0,0
2014-07-29,10,298,0,1,0,0,1,0,0
2014-08-05,1,140,0,1,0,0,1,0,0
2014-08-12,13,161,0,1,0,0,1,0,0
2014-08-19,13,179,0,1,0,0,1,0,0
2014-08-26,7,163,0,1,0,0,1,0,0
2014-09-02,12,159,0,1,0,0,1,0,0
2014-09-09,4,227,0,1,0,0,1,0,0
2014-09-16,22,146,0,1,0,0,1,0,0
2014-09-23,6,180,0,1,0,0,1,0,0
2014-09-30,21,276,0,1,0,0,1,0,0
2014-10-07,13,139,0,1,0,0,1,0,0
2014-10-14,6,152,0,1,0,0,1,0,0
2014-10-21,28,247,0,1,0,0,1,0,0
2014-10-28,28,136,0,1,0,0,1,0,0
2014-11-04,22,253,0,1,0,0,1,0,0
2014-11-11,11,258,0,1,0,0,1,0,0
2014-11-18,29,187,0,1,0,0,1,0,0
2014-11-25,24,275,0,1,0,0,1,0,0
2014-12-02,27,137,0,1,0,0,1,0,0
2014-12-09,10,172,0,1,0,0,1,0,0
2014-12-16,30,286,0,1,0,0,1,0,0
2014-12-23,14,495,0,1,0,0,1,0,0
2014-12-30,12,332,0,1,0,0,1,0,0
2015-01-06,6,248,0,1,0,0,1,0,0
2015-01-13,1,561,0,1,0,0,1,0,0
2015-01-20,7,420,0,1,0,0,1,0,0
2015-01-27,20,374,0,1,0,0,1,0,0
2015-02-03,11,258,0,1,0,0,1,0,0
2015-02-10,21,327,0,1,0,0,1,0,0
2015-02-17,1,150,0,1,0,0,1,0,0
2015-02-24,9,440,0,1,0,0,1,0,0
2015-03-03,15,554,0,1,0,0,1,0,0
2015-03-10,12,682,0,1,0,0,1,0,0
2015-03-17,12,304,0,1,0,0,1,0,0
2015-03-24,3,298,0,1,0,0,1,0,0
2015-03-31,17,423,0,1,0,0,1,0,0
2015-04-07,16,246,0,1,0,0,1,0,0
2015-04-14,14,342,0,1,0,0,1,0,0
2015-04-21,17,234,0,1,0,0,1,0,0
2015-04-28,8,333,0,1,0,0,1,0,0
2015-05-05,9,149,0,1,0,0,1,0,0
2015-05-12,13,266,0,1,0,0,1,0,0
2015-05-19,17,166,0,1,0,0,1,0,0
2015-05-26,7,424,0,1,0,0,1,0,0
2015-06-02,9,521,0,1,0,0,1,0,0
2015-06-09,23,154,0,1,0,0,1,0,0
2015-06-16,96,255,0,1,0,0,1,0,0
2015-06-23,71,290,0,1,0,0,1,0,0
2015-06-30,47,366,0,1,0,0,1,0,0
2015-07-07,84,395,0,1,0,0,1,0,0
2015-07-14,67,256,0,1,0,0,1,0,0
2015-07-21,28,170,0,1,0,0,1,0,0
2015-07-28,91,167,0,1,0,0,1,0,0
2015-08-04,96,236,0,1,0,0,1,0,0
2015-08-11,73,346,0,1,0,0,1,0,0
2015-08-18,78,250,0,1,0,0,1,0,0
2015-08-25,69,184,0,1,0,0,1,0,0
2015-09-01,71,158,0,1,0,0,1,0,0
2015-09-08,68,159,0,1,0,0,1,0,0
2015-09-15,56,110,0,1,0,0,1,0,0
2015-09-22,79,114,0,1,0,0,1,0,0
2015-09-29,23,112,0,1,0,0,1,0,0
2015-10-06,87,179,0,1,0,0,1,0,0
2015-10-13,88,161,0,1,0,0,1,0,0
2015-10-20,79,163,0,1,0,0,1,0,0
2015-10-27,100,169,0,1,0,0,1,0,0
2015-11-03,78,291,0,1,0,0,1,0,0
2015-11-10,54,285,0,1,0,0,1,0,0
2015-11-17,88,326,0,1,0,0,1,0,0
2015-11-24,64,241,0,1,0,0,1,0,0
2015-12-01,73,193,0,1,0,0,1,0,0
2015-12-08,90,279,0,1,0,0,1,0,0
2015-12-15,93,253,0,1,0,0,1,0,0
2015-12-22,89,313,0,1,0,0,1,0,0
2015-12-29,82,261,0,1,0,0,1,0,0
2016-01-05,52,225,0,1,0,0,1,0,0
2016-01-12,81,273,0,1,0,0,1,0,0
2016-01-19,71,315,0,1,0,0,1,0,0
2016-01-26,38,262,0,1,0,0,1,0,0
2016-02-02,55,574,0,1,0,0,1,0,0
2016-02-09,91,341,0,1,0,0,1,0,0
2016-02-16,66,267,0,1,0,0,1,0,0
2016-02-23,70,361,0,1,0,0,1,0,0
2016-03-01,70,338,0,1,0,0,1,0,0
2016-03-08,67,330,0,1,0,0,1,0,0
2016-03-15,66,196,0,1,0,0,1,0,0
2016-03-22,55,384,0,1,0,0,1,0,0
2016-03-29,57,345,0,1,0,0,1,0,0
2016-04-05,59,449,0,1,0,0,1,0,0
2016-04-12,56,218,0,1,0,0,1,0,0
2016-04-19,48,315,0,1,0,0,1,0,0
2016-04-26,54,309,0,1,0,0,1,0,0
2016-05-03,49,289,0,1,0,0,1,0,0
2016-05-10,46,348,0,1,0,0,1,0,0
2016-05-17,57,265,0,1,0,0,1,0,0
2016-05-24,68,321,0,1,0,0,1,0,0
2016-05-31,72,195,0,1,0,0,1,0,0
2016-06-07,37,328,0,1,0,0,1,0,0
2014-03-11,33,248,0,1,0,0,0,1,0
2014-03-18,51,158,0,1,0,0,0,1,0
2014-03-25,47,258,0,1,0,0,0,1,0
2014-04-01,58,329,0,1,0,0,0,1,0
2014-04-08,44,286,0,1,0,0,0,1,0
2014-04-15,52,156,0,1,0,0,0,1,0
2014-04-22,60,211,0,1,0,0,0,1,0
2014-04-29,61,145,0,1,0,0,0,1,0
2014-05-06,42,180,0,1,0,0,0,1,0
2014-05-13,48,230,0,1,0,0,0,1,0
2014-05-20,60,170,0,1,0,0,0,1,0
2014-05-27,51,177,0,1,0,0,0,1,0
2014-06-03,61,232,0,1,0,0,0,1,0
2014-06-10,56,398,0,1,0,0,0,1,0
2014-06-17,62,208,0,1,0,0,0,1,0
2014-06-24,61,152,0,1,0,0,0,1,0
2014-07-01,36,163,0,1,0,0,0,1,0
2014-07-08,50,142,0,1,0,0,0,1,0
2014-07-15,26,140,0,1,0,0,0,1,0
2014-07-22,40,148,0,1,0,0,0,1,0
2014-07-29,18,294,0,1,0,0,0,1,0
2014-08-05,51,140,0,1,0,0,0,1,0
2014-08-12,38,148,0,1,0,0,0,1,0
2014-08-19,41,165,0,1,0,0,0,1,0
2014-08-26,48,152,0,1,0,0,0,1,0
2014-09-02,32,149,0,1,0,0,0,1,0
2014-09-09,51,217,0,1,0,0,0,1,0
2014-09-16,36,135,0,1,0,0,0,1,0
2014-09-23,36,170,0,1,0,0,0,1,0
2014-09-30,42,264,0,1,0,0,0,1,0
2014-10-07,23,129,0,1,0,0,0,1,0
2014-10-14,60,147,0,1,0,0,0,1,0
2014-10-21,47,244,0,1,0,0,0,1,0
2014-10-28,37,128,0,1,0,0,0,1,0
2014-11-04,50,245,0,1,0,0,0,1,0
2014-11-11,50,247,0,1,0,0,0,1,0
2014-11-18,87,183,0,1,0,0,0,1,0
2014-11-25,43,270,0,1,0,0,0,1,0
2014-12-02,53,137,0,1,0,0,0,1,0
2014-12-09,28,172,0,1,0,0,0,1,0
2014-12-16,44,274,0,1,0,0,0,1,0
2014-12-23,28,496,0,1,0,0,0,1,0
2014-12-30,44,327,0,1,0,0,0,1,0
2015-01-06,10,243,0,1,0,0,0,1,0
2015-01-13,38,533,0,1,0,0,0,1,0
2015-01-20,29,398,0,1,0,0,0,1,0
2015-01-27,48,357,0,1,0,0,0,1,0
2015-02-03,40,248,0,1,0,0,0,1,0
2015-02-10,36,330,0,1,0,0,0,1,0
2015-02-17,34,143,0,1,0,0,0,1,0
2015-02-24,48,438,0,1,0,0,0,1,0
2015-03-03,44,544,0,1,0,0,0,1,0
2015-03-10,16,676,0,1,0,0,0,1,0
2015-03-17,66,289,0,1,0,0,0,1,0
2015-03-24,51,294,0,1,0,0,0,1,0
2015-03-31,30,406,0,1,0,0,0,1,0
2015-04-07,65,250,0,1,0,0,0,1,0
2015-04-14,67,339,0,1,0,0,0,1,0
2015-04-21,38,236,0,1,0,0,0,1,0
2015-04-28,35,335,0,1,0,0,0,1,0
2015-05-05,65,148,0,1,0,0,0,1,0
2015-05-12,54,261,0,1,0,0,0,1,0
2015-05-19,44,161,0,1,0,0,0,1,0
2015-05-26,47,416,0,1,0,0,0,1,0
2015-06-02,50,505,0,1,0,0,0,1,0
2015-06-09,64,148,0,1,0,0,0,1,0
2015-06-16,74,248,0,1,0,0,0,1,0
2015-06-23,39,285,0,1,0,0,0,1,0
2015-06-30,40,366,0,1,0,0,0,1,0
2015-07-07,29,399,0,1,0,0,0,1,0
2015-07-14,11,255,0,1,0,0,0,1,0
2015-07-21,24,164,0,1,0,0,0,1,0
2015-07-28,68,165,0,1,0,0,0,1,0
2015-08-04,58,226,0,1,0,0,0,1,0
2015-08-11,37,338,0,1,0,0,0,1,0
2015-08-18,60,242,0,1,0,0,0,1,0
2015-08-25,41,167,0,1,0,0,0,1,0
2015-09-01,47,156,0,1,0,0,0,1,0
2015-09-08,56,150,0,1,0,0,0,1,0
2015-09-15,51,120,0,1,0,0,0,1,0
2015-09-22,62,118,0,1,0,0,0,1,0
2015-09-29,22,120,0,1,0,0,0,1,0
2015-10-06,63,167,0,1,0,0,0,1,0
2015-10-13,53,154,0,1,0,0,0,1,0
2015-10-20,67,149,0,1,0,0,0,1,0
2015-10-27,74,157,0,1,0,0,0,1,0
2015-11-03,64,283,0,1,0,0,0,1,0
2015-11-10,68,275,0,1,0,0,0,1,0
2015-11-17,54,319,0,1,0,0,0,1,0
2015-11-24,53,234,0,1,0,0,0,1,0
2015-12-01,60,178,0,1,0,0,0,1,0
2015-12-08,67,264,0,1,0,0,0,1,0
2015-12-15,74,236,0,1,0,0,0,1,0
2015-12-22,55,288,0,1,0,0,0,1,0
2015-12-29,52,245,0,1,0,0,0,1,0
2016-01-05,49,207,0,1,0,0,0,1,0
2016-01-12,45,261,0,1,0,0,0,1,0
2016-01-19,62,287,0,1,0,0,0,1,0
2016-01-26,71,235,0,1,0,0,0,1,0
2016-02-02,63,552,0,1,0,0,0,1,0
2016-02-09,36,329,0,1,0,0,0,1,0
2016-02-16,23,250,0,1,0,0,0,1,0
2016-02-23,19,345,0,1,0,0,0,1,0
2016-03-01,22,329,0,1,0,0,0,1,0
2016-03-08,32,315,0,1,0,0,0,1,0
2016-03-15,38,188,0,1,0,0,0,1,0
2016-03-22,64,392,0,1,0,0,0,1,0
2016-03-29,54,350,0,1,0,0,0,1,0
2016-04-05,54,441,0,1,0,0,0,1,0
2016-04-12,76,204,0,1,0,0,0,1,0
2016-04-19,74,298,0,1,0,0,0,1,0
2016-04-26,74,287,0,1,0,0,0,1,0
2016-05-03,79,269,0,1,0,0,0,1,0
2016-05-10,57,337,0,1,0,0,0,1,0
2016-05-17,80,246,0,1,0,0,0,1,0
2016-05-24,88,304,0,1,0,0,0,1,0
2016-05-31,75,186,0,1,0,0,0,1,0
2016-06-07,78,299,0,1,0,0,0,1,0
2014-02-11,62,160,0,0,1,0,0,0,1
2014-02-18,106,163,0,0,1,0,0,0,1
2014-02-25,60,246,0,0,1,0,0,0,1
2014-03-04,49,264,0,0,1,0,0,0,1
2014-03-11,82,231,0,0,1,0,0,0,1
2014-03-18,106,144,0,0,1,0,0,0,1
2014-03-25,61,245,0,0,1,0,0,0,1
2014-04-01,89,317,0,0,1,0,0,0,1
2014-04-08,80,278,0,0,1,0,0,0,1
2014-04-15,68,151,0,0,1,0,0,0,1
2014-04-22,70,204,0,0,1,0,0,0,1
2014-04-29,58,135,0,0,1,0,0,0,1
2014-05-06,65,171,0,0,1,0,0,0,1
2014-05-13,114,225,0,0,1,0,0,0,1
2014-05-20,94,155,0,0,1,0,0,0,1
2014-05-27,103,158,0,0,1,0,0,0,1
2014-06-03,95,222,0,0,1,0,0,0,1
2014-06-10,114,389,0,0,1,0,0,0,1
2014-06-17,67,204,0,0,1,0,0,0,1
2014-06-24,51,151,0,0,1,0,0,0,1
2014-07-01,58,157,0,0,1,0,0,0,1
2014-07-08,86,142,0,0,1,0,0,0,1
2014-07-15,50,139,0,0,1,0,0,0,1
2014-07-22,44,140,0,0,1,0,0,0,1
2014-07-29,38,288,0,0,1,0,0,0,1
2014-08-05,39,139,0,0,1,0,0,0,1
2014-08-12,39,139,0,0,1,0,0,0,1
2014-08-19,60,152,0,0,1,0,0,0,1
2014-08-26,68,140,0,0,1,0,0,0,1
2014-09-02,78,141,0,0,1,0,0,0,1
2014-09-09,61,210,0,0,1,0,0,0,1
2014-09-16,62,128,0,0,1,0,0,0,1
2014-09-23,51,159,0,0,1,0,0,0,1
2014-09-30,52,252,0,0,1,0,0,0,1
2014-10-07,16,120,0,0,1,0,0,0,1
2014-10-14,63,142,0,0,1,0,0,0,1
2014-10-21,64,241,0,0,1,0,0,0,1
2014-10-28,75,121,0,0,1,0,0,0,1
2014-11-04,50,234,0,0,1,0,0,0,1
2014-11-11,73,237,0,0,1,0,0,0,1
2014-11-18,88,176,0,0,1,0,0,0,1
2014-11-25,51,262,0,0,1,0,0,0,1
2014-12-02,67,134,0,0,1,0,0,0,1
2014-12-09,68,168,0,0,1,0,0,0,1
2014-12-16,74,261,0,0,1,0,0,0,1
2014-12-23,56,491,0,0,1,0,0,0,1
2014-12-30,64,319,0,0,1,0,0,0,1
2015-01-06,64,237,0,0,1,0,0,0,1
2015-01-13,64,512,0,0,1,0,0,0,1
2015-01-20,85,378,0,0,1,0,0,0,1
2015-01-27,95,342,0,0,1,0,0,0,1
2015-02-03,102,238,0,0,1,0,0,0,1
2015-02-10,63,328,0,0,1,0,0,0,1
2015-02-17,88,138,0,0,1,0,0,0,1
2015-02-24,73,435,0,0,1,0,0,0,1
2015-03-03,107,529,0,0,1,0,0,0,1
2015-03-10,93,669,0,0,1,0,0,0,1
2015-03-17,73,278,0,0,1,0,0,0,1
2015-03-24,72,287,0,0,1,0,0,0,1
2015-03-31,66,393,0,0,1,0,0,0,1
2015-04-07,57,250,0,0,1,0,0,0,1
2015-04-14,71,333,0,0,1,0,0,0,1
2015-04-21,77,235,0,0,1,0,0,0,1
2015-04-28,56,333,0,0,1,0,0,0,1
2015-05-05,60,145,0,0,1,0,0,0,1
2015-05-12,60,252,0,0,1,0,0,0,1
2015-05-19,60,155,0,0,1,0,0,0,1
2015-05-26,77,406,0,0,1,0,0,0,1
2015-06-02,71,488,0,0,1,0,0,0,1
2015-06-09,94,141,0,0,1,0,0,0,1
2015-06-16,80,239,0,0,1,0,0,0,1
2015-06-23,78,274,0,0,1,0,0,0,1
2015-06-30,56,360,0,0,1,0,0,0,1
2015-07-07,55,396,0,0,1,0,0,0,1
2015-07-14,30,252,0,0,1,0,0,0,1
2015-07-21,38,159,0,0,1,0,0,0,1
2015-07-28,34,160,0,0,1,0,0,0,1
2015-08-04,44,215,0,0,1,0,0,0,1
2015-08-11,46,328,0,0,1,0,0,0,1
2015-08-18,65,234,0,0,1,0,0,0,1
2015-08-25,39,152,0,0,1,0,0,0,1
2015-09-01,46,153,0,0,1,0,0,0,1
2015-09-08,73,143,0,0,1,0,0,0,1
2015-09-15,60,125,0,0,1,0,0,0,1
2015-09-22,70,120,0,0,1,0,0,0,1
2015-09-29,47,124,0,0,1,0,0,0,1
2015-10-06,64,154,0,0,1,0,0,0,1
2015-10-13,68,145,0,0,1,0,0,0,1
2015-10-20,66,136,0,0,1,0,0,0,1
2015-10-27,64,145,0,0,1,0,0,0,1
2015-11-03,82,271,0,0,1,0,0,0,1
2015-11-10,88,263,0,0,1,0,0,0,1
2015-11-17,64,310,0,0,1,0,0,0,1
2015-11-24,69,224,0,0,1,0,0,0,1
2015-12-01,63,162,0,0,1,0,0,0,1
2015-12-08,89,246,0,0,1,0,0,0,1
2015-12-15,71,217,0,0,1,0,0,0,1
2015-12-22,66,265,0,0,1,0,0,0,1
2015-12-29,60,228,0,0,1,0,0,0,1
2016-01-05,46,188,0,0,1,0,0,0,1
2016-01-12,58,248,0,0,1,0,0,0,1
2016-01-19,82,261,0,0,1,0,0,0,1
2016-01-26,73,208,0,0,1,0,0,0,1
2016-02-02,97,529,0,0,1,0,0,0,1
2016-02-09,110,317,0,0,1,0,0,0,1
2016-02-16,125,233,0,0,1,0,0,0,1
2016-02-23,98,326,0,0,1,0,0,0,1
2016-03-01,115,316,0,0,1,0,0,0,1
2016-03-08,77,298,0,0,1,0,0,0,1
2016-03-15,90,177,0,0,1,0,0,0,1
2016-03-22,86,389,0,0,1,0,0,0,1
2016-03-29,81,346,0,0,1,0,0,0,1
2016-04-05,67,427,0,0,1,0,0,0,1
2016-04-12,91,186,0,0,1,0,0,0,1
2016-04-19,95,279,0,0,1,0,0,0,1
2016-04-26,78,265,0,0,1,0,0,0,1
2016-05-03,93,248,0,0,1,0,0,0,1
2016-05-10,85,322,0,0,1,0,0,0,1
2016-05-17,84,225,0,0,1,0,0,0,1
2016-05-24,86,284,0,0,1,0,0,0,1
2016-05-31,59,173,0,0,1,0,0,0,1
2016-06-07,64,271,0,0,1,0,0,0,1
2014-02-11,12,219,0,0,1,0,1,0,0
2014-02-18,5,205,0,0,1,0,1,0,0
2014-02-25,19,286,0,0,1,0,1,0,0
2014-03-04,9,294,0,0,1,0,1,0,0
2014-03-11,8,265,0,0,1,0,1,0,0
2014-03-18,29,174,0,0,1,0,1,0,0
2014-03-25,9,272,0,0,1,0,1,0,0
2014-04-01,7,344,0,0,1,0,1,0,0
2014-04-08,3,291,0,0,1,0,1,0,0
2014-04-15,4,159,0,0,1,0,1,0,0
2014-04-22,12,217,0,0,1,0,1,0,0
2014-04-29,4,155,0,0,1,0,1,0,0
2014-05-06,7,187,0,0,1,0,1,0,0
2014-05-13,3,233,0,0,1,0,1,0,0
2014-05-20,8,187,0,0,1,0,1,0,0
2014-05-27,10,197,0,0,1,0,1,0,0
2014-06-03,11,243,0,0,1,0,1,0,0
2014-06-10,12,405,0,0,1,0,1,0,0
2014-06-17,10,209,0,0,1,0,1,0,0
2014-06-24,4,147,0,0,1,0,1,0,0
2014-07-01,7,167,0,0,1,0,1,0,0
2014-07-08,7,137,0,0,1,0,1,0,0
2014-07-15,3,140,0,0,1,0,1,0,0
2014-07-22,12,156,0,0,1,0,1,0,0
2014-07-29,7,298,0,0,1,0,1,0,0
2014-08-05,9,140,0,0,1,0,1,0,0
2014-08-12,2,161,0,0,1,0,1,0,0
2014-08-19,14,179,0,0,1,0,1,0,0
2014-08-26,8,163,0,0,1,0,1,0,0
2014-09-02,2,159,0,0,1,0,1,0,0
2014-09-09,7,227,0,0,1,0,1,0,0
2014-09-16,18,146,0,0,1,0,1,0,0
2014-09-23,20,180,0,0,1,0,1,0,0
2014-09-30,1,276,0,0,1,0,1,0,0
2014-10-07,3,139,0,0,1,0,1,0,0
2014-10-14,11,152,0,0,1,0,1,0,0
2014-10-21,13,247,0,0,1,0,1,0,0
2014-10-28,14,136,0,0,1,0,1,0,0
2014-11-04,4,253,0,0,1,0,1,0,0
2014-11-11,10,258,0,0,1,0,1,0,0
2014-11-18,24,187,0,0,1,0,1,0,0
2014-11-25,12,275,0,0,1,0,1,0,0
2014-12-02,5,137,0,0,1,0,1,0,0
2014-12-09,20,172,0,0,1,0,1,0,0
2014-12-16,9,286,0,0,1,0,1,0,0
2014-12-23,7,495,0,0,1,0,1,0,0
2014-12-30,13,332,0,0,1,0,1,0,0
2015-01-06,7,248,0,0,1,0,1,0,0
2015-01-13,1,561,0,0,1,0,1,0,0
2015-01-20,2,420,0,0,1,0,1,0,0
2015-01-27,24,374,0,0,1,0,1,0,0
2015-02-03,2,258,0,0,1,0,1,0,0
2015-02-10,12,327,0,0,1,0,1,0,0
2015-02-17,2,150,0,0,1,0,1,0,0
2015-02-24,14,440,0,0,1,0,1,0,0
2015-03-03,19,554,0,0,1,0,1,0,0
2015-03-10,17,682,0,0,1,0,1,0,0
2015-03-17,20,304,0,0,1,0,1,0,0
2015-03-24,3,298,0,0,1,0,1,0,0
2015-03-31,16,423,0,0,1,0,1,0,0
2015-04-07,15,246,0,0,1,0,1,0,0
2015-04-14,5,342,0,0,1,0,1,0,0
2015-04-21,14,234,0,0,1,0,1,0,0
2015-04-28,5,333,0,0,1,0,1,0,0
2015-05-05,5,149,0,0,1,0,1,0,0
2015-05-12,1,266,0,0,1,0,1,0,0
2015-05-19,4,166,0,0,1,0,1,0,0
2015-05-26,8,424,0,0,1,0,1,0,0
2015-06-02,12,521,0,0,1,0,1,0,0
2015-06-09,6,154,0,0,1,0,1,0,0
2015-06-16,111,255,0,0,1,0,1,0,0
2015-06-23,86,290,0,0,1,0,1,0,0
2015-06-30,88,366,0,0,1,0,1,0,0
2015-07-07,89,395,0,0,1,0,1,0,0
2015-07-14,81,256,0,0,1,0,1,0,0
2015-07-21,39,170,0,0,1,0,1,0,0
2015-07-28,118,167,0,0,1,0,1,0,0
2015-08-04,100,236,0,0,1,0,1,0,0
2015-08-11,94,346,0,0,1,0,1,0,0
2015-08-18,79,250,0,0,1,0,1,0,0
2015-08-25,81,184,0,0,1,0,1,0,0
2015-09-01,69,158,0,0,1,0,1,0,0
2015-09-08,81,159,0,0,1,0,1,0,0
2015-09-15,80,110,0,0,1,0,1,0,0
2015-09-22,97,114,0,0,1,0,1,0,0
2015-09-29,36,112,0,0,1,0,1,0,0
2015-10-06,89,179,0,0,1,0,1,0,0
2015-10-13,110,161,0,0,1,0,1,0,0
2015-10-20,109,163,0,0,1,0,1,0,0
2015-10-27,117,169,0,0,1,0,1,0,0
2015-11-03,124,291,0,0,1,0,1,0,0
2015-11-10,111,285,0,0,1,0,1,0,0
2015-11-17,90,326,0,0,1,0,1,0,0
2015-11-24,103,241,0,0,1,0,1,0,0
2015-12-01,92,193,0,0,1,0,1,0,0
2015-12-08,91,279,0,0,1,0,1,0,0
2015-12-15,94,253,0,0,1,0,1,0,0
2015-12-22,89,313,0,0,1,0,1,0,0
2015-12-29,96,261,0,0,1,0,1,0,0
2016-01-05,62,225,0,0,1,0,1,0,0
2016-01-12,111,273,0,0,1,0,1,0,0
2016-01-19,84,315,0,0,1,0,1,0,0
2016-01-26,56,262,0,0,1,0,1,0,0
2016-02-02,57,574,0,0,1,0,1,0,0
2016-02-09,85,341,0,0,1,0,1,0,0
2016-02-16,94,267,0,0,1,0,1,0,0
2016-02-23,64,361,0,0,1,0,1,0,0
2016-03-01,78,338,0,0,1,0,1,0,0
2016-03-08,96,330,0,0,1,0,1,0,0
2016-03-15,64,196,0,0,1,0,1,0,0
2016-03-22,59,384,0,0,1,0,1,0,0
2016-03-29,57,345,0,0,1,0,1,0,0
2016-04-05,61,449,0,0,1,0,1,0,0
2016-04-12,72,218,0,0,1,0,1,0,0
2016-04-19,65,315,0,0,1,0,1,0,0
2016-04-26,64,309,0,0,1,0,1,0,0
2016-05-03,74,289,0,0,1,0,1,0,0
2016-05-10,70,348,0,0,1,0,1,0,0
2016-05-17,83,265,0,0,1,0,1,0,0
2016-05-24,78,321,0,0,1,0,1,0,0
2016-05-31,70,195,0,0,1,0,1,0,0
2016-06-07,93,328,0,0,1,0,1,0,0
2014-02-11,45,186,0,0,1,0,0,1,0
2014-02-18,59,182,0,0,1,0,0,1,0
2014-02-25,54,263,0,0,1,0,0,1,0
2014-03-04,34,277,0,0,1,0,0,1,0
2014-03-11,54,248,0,0,1,0,0,1,0
2014-03-18,48,158,0,0,1,0,0,1,0
2014-03-25,76,258,0,0,1,0,0,1,0
2014-04-01,45,329,0,0,1,0,0,1,0
2014-04-08,59,286,0,0,1,0,0,1,0
2014-04-15,46,156,0,0,1,0,0,1,0
2014-04-22,66,211,0,0,1,0,0,1,0
2014-04-29,45,145,0,0,1,0,0,1,0
2014-05-06,35,180,0,0,1,0,0,1,0
2014-05-13,42,230,0,0,1,0,0,1,0
2014-05-20,62,170,0,0,1,0,0,1,0
2014-05-27,42,177,0,0,1,0,0,1,0
2014-06-03,49,232,0,0,1,0,0,1,0
2014-06-10,41,398,0,0,1,0,0,1,0
2014-06-17,37,208,0,0,1,0,0,1,0
2014-06-24,44,152,0,0,1,0,0,1,0
2014-07-01,48,163,0,0,1,0,0,1,0
2014-07-08,40,142,0,0,1,0,0,1,0
2014-07-15,39,140,0,0,1,0,0,1,0
2014-07-22,35,148,0,0,1,0,0,1,0
2014-07-29,29,294,0,0,1,0,0,1,0
2014-08-05,30,140,0,0,1,0,0,1,0
2014-08-12,66,148,0,0,1,0,0,1,0
2014-08-19,48,165,0,0,1,0,0,1,0
2014-08-26,44,152,0,0,1,0,0,1,0
2014-09-02,45,149,0,0,1,0,0,1,0
2014-09-09,31,217,0,0,1,0,0,1,0
2014-09-16,41,135,0,0,1,0,0,1,0
2014-09-23,29,170,0,0,1,0,0,1,0
2014-09-30,48,264,0,0,1,0,0,1,0
2014-10-07,21,129,0,0,1,0,0,1,0
2014-10-14,45,147,0,0,1,0,0,1,0
2014-10-21,23,244,0,0,1,0,0,1,0
2014-10-28,39,128,0,0,1,0,0,1,0
2014-11-04,30,245,0,0,1,0,0,1,0
2014-11-11,35,247,0,0,1,0,0,1,0
2014-11-18,39,183,0,0,1,0,0,1,0
2014-11-25,46,270,0,0,1,0,0,1,0
2014-12-02,30,137,0,0,1,0,0,1,0
2014-12-09,24,172,0,0,1,0,0,1,0
2014-12-16,27,274,0,0,1,0,0,1,0
2014-12-23,32,496,0,0,1,0,0,1,0
2014-12-30,37,327,0,0,1,0,0,1,0
2015-01-06,20,243,0,0,1,0,0,1,0
2015-01-13,13,533,0,0,1,0,0,1,0
2015-01-20,39,398,0,0,1,0,0,1,0
2015-01-27,43,357,0,0,1,0,0,1,0
2015-02-03,48,248,0,0,1,0,0,1,0
2015-02-10,52,330,0,0,1,0,0,1,0
2015-02-17,7,143,0,0,1,0,0,1,0
2015-02-24,36,438,0,0,1,0,0,1,0
2015-03-03,39,544,0,0,1,0,0,1,0
2015-03-10,43,676,0,0,1,0,0,1,0
2015-03-17,37,289,0,0,1,0,0,1,0
2015-03-24,39,294,0,0,1,0,0,1,0
2015-03-31,40,406,0,0,1,0,0,1,0
2015-04-07,30,250,0,0,1,0,0,1,0
2015-04-14,40,339,0,0,1,0,0,1,0
2015-04-21,50,236,0,0,1,0,0,1,0
2015-04-28,30,335,0,0,1,0,0,1,0
2015-05-05,13,148,0,0,1,0,0,1,0
2015-05-12,20,261,0,0,1,0,0,1,0
2015-05-19,40,161,0,0,1,0,0,1,0
2015-05-26,23,416,0,0,1,0,0,1,0
2015-06-02,29,505,0,0,1,0,0,1,0
2015-06-09,30,148,0,0,1,0,0,1,0
2015-06-16,18,248,0,0,1,0,0,1,0
2015-06-23,22,285,0,0,1,0,0,1,0
2015-06-30,8,366,0,0,1,0,0,1,0
2015-07-07,16,399,0,0,1,0,0,1,0
2015-07-14,11,255,0,0,1,0,0,1,0
2015-07-21,3,164,0,0,1,0,0,1,0
2015-07-28,22,165,0,0,1,0,0,1,0
2015-08-04,12,226,0,0,1,0,0,1,0
2015-08-11,28,338,0,0,1,0,0,1,0
2015-08-18,15,242,0,0,1,0,0,1,0
2015-08-25,29,167,0,0,1,0,0,1,0
2015-09-01,17,156,0,0,1,0,0,1,0
2015-09-08,17,150,0,0,1,0,0,1,0
2015-09-15,7,120,0,0,1,0,0,1,0
2015-09-22,23,118,0,0,1,0,0,1,0
2015-09-29,4,120,0,0,1,0,0,1,0
2015-10-06,28,167,0,0,1,0,0,1,0
2015-10-13,51,154,0,0,1,0,0,1,0
2015-10-20,27,149,0,0,1,0,0,1,0
2015-10-27,32,157,0,0,1,0,0,1,0
2015-11-03,21,283,0,0,1,0,0,1,0
2015-11-10,44,275,0,0,1,0,0,1,0
2015-11-17,50,319,0,0,1,0,0,1,0
2015-11-24,46,234,0,0,1,0,0,1,0
2015-12-01,36,178,0,0,1,0,0,1,0
2015-12-08,54,264,0,0,1,0,0,1,0
2015-12-15,37,236,0,0,1,0,0,1,0
2015-12-22,56,288,0,0,1,0,0,1,0
2015-12-29,74,245,0,0,1,0,0,1,0
2016-01-05,54,207,0,0,1,0,0,1,0
2016-01-12,35,261,0,0,1,0,0,1,0
2016-01-19,64,287,0,0,1,0,0,1,0
2016-01-26,47,235,0,0,1,0,0,1,0
2016-02-02,53,552,0,0,1,0,0,1,0
2016-02-09,31,329,0,0,1,0,0,1,0
2016-02-16,21,250,0,0,1,0,0,1,0
2016-02-23,27,345,0,0,1,0,0,1,0
2016-03-01,16,329,0,0,1,0,0,1,0
2016-03-08,12,315,0,0,1,0,0,1,0
2016-03-15,18,188,0,0,1,0,0,1,0
2016-03-22,29,392,0,0,1,0,0,1,0
2016-03-29,35,350,0,0,1,0,0,1,0
2016-04-05,32,441,0,0,1,0,0,1,0
2016-04-12,49,204,0,0,1,0,0,1,0
2016-04-19,25,298,0,0,1,0,0,1,0
2016-04-26,35,287,0,0,1,0,0,1,0
2016-05-03,53,269,0,0,1,0,0,1,0
2016-05-10,24,337,0,0,1,0,0,1,0
2016-05-17,40,246,0,0,1,0,0,1,0
2016-05-24,31,304,0,0,1,0,0,1,0
2016-05-31,39,186,0,0,1,0,0,1,0
2016-06-07,41,299,0,0,1,0,0,1,0
2014-02-11,11,160,0,0,0,1,0,0,1
2014-02-18,8,163,0,0,0,1,0,0,1
2014-02-25,15,246,0,0,0,1,0,0,1
2014-03-04,18,264,0,0,0,1,0,0,1
2014-03-11,24,231,0,0,0,1,0,0,1
2014-03-18,15,144,0,0,0,1,0,0,1
2014-03-25,19,245,0,0,0,1,0,0,1
2014-04-01,7,317,0,0,0,1,0,0,1
2014-04-08,19,278,0,0,0,1,0,0,1
2014-04-15,14,151,0,0,0,1,0,0,1
2014-04-22,6,204,0,0,0,1,0,0,1
2014-04-29,4,135,0,0,0,1,0,0,1
2014-05-06,15,171,0,0,0,1,0,0,1
2014-05-13,13,225,0,0,0,1,0,0,1
2014-05-20,48,155,0,0,0,1,0,0,1
2014-05-27,34,158,0,0,0,1,0,0,1
2014-06-03,7,222,0,0,0,1,0,0,1
2014-06-10,33,389,0,0,0,1,0,0,1
2014-06-17,33,204,0,0,0,1,0,0,1
2014-06-24,28,151,0,0,0,1,0,0,1
2014-07-01,17,157,0,0,0,1,0,0,1
2014-07-08,34,142,0,0,0,1,0,0,1
2014-07-15,49,139,0,0,0,1,0,0,1
2014-07-22,19,140,0,0,0,1,0,0,1
2014-07-29,18,288,0,0,0,1,0,0,1
2014-08-05,14,139,0,0,0,1,0,0,1
2014-08-12,45,139,0,0,0,1,0,0,1
2014-08-19,33,152,0,0,0,1,0,0,1
2014-08-26,26,140,0,0,0,1,0,0,1
2014-09-02,22,141,0,0,0,1,0,0,1
2014-09-09,34,210,0,0,0,1,0,0,1
2014-09-16,50,128,0,0,0,1,0,0,1
2014-09-23,66,159,0,0,0,1,0,0,1
2014-09-30,8,252,0,0,0,1,0,0,1
2014-10-07,20,120,0,0,0,1,0,0,1
2014-10-14,43,142,0,0,0,1,0,0,1
2014-10-21,43,241,0,0,0,1,0,0,1
2014-10-28,13,121,0,0,0,1,0,0,1
2014-11-04,11,234,0,0,0,1,0,0,1
2014-11-11,17,237,0,0,0,1,0,0,1
2014-11-18,44,176,0,0,0,1,0,0,1
2014-11-25,39,262,0,0,0,1,0,0,1
2014-12-02,9,134,0,0,0,1,0,0,1
2014-12-09,17,168,0,0,0,1,0,0,1
2014-12-16,47,261,0,0,0,1,0,0,1
2014-12-23,17,491,0,0,0,1,0,0,1
2014-12-30,33,319,0,0,0,1,0,0,1
2015-01-06,10,237,0,0,0,1,0,0,1
2015-01-13,36,512,0,0,0,1,0,0,1
2015-01-20,26,378,0,0,0,1,0,0,1
2015-01-27,26,342,0,0,0,1,0,0,1
2015-02-03,107,238,0,0,0,1,0,0,1
2015-02-10,163,328,0,0,0,1,0,0,1
2015-02-17,133,138,0,0,0,1,0,0,1
2015-02-24,158,435,0,0,0,1,0,0,1
2015-03-03,132,529,0,0,0,1,0,0,1
2015-03-10,142,669,0,0,0,1,0,0,1
2015-03-17,129,278,0,0,0,1,0,0,1
2015-03-24,186,287,0,0,0,1,0,0,1
2015-03-31,149,393,0,0,0,1,0,0,1
2015-04-07,189,250,0,0,0,1,0,0,1
2015-04-14,167,333,0,0,0,1,0,0,1
2015-04-21,235,235,0,0,0,1,0,0,1
2015-04-28,343,333,0,0,0,1,0,0,1
2015-05-05,244,145,0,0,0,1,0,0,1
2015-05-12,255,252,0,0,0,1,0,0,1
2015-05-19,316,155,0,0,0,1,0,0,1
2015-05-26,287,406,0,0,0,1,0,0,1
2015-06-02,312,488,0,0,0,1,0,0,1
2015-06-09,353,141,0,0,0,1,0,0,1
2015-06-16,325,239,0,0,0,1,0,0,1
2015-06-23,302,274,0,0,0,1,0,0,1
2015-06-30,249,360,0,0,0,1,0,0,1
2015-07-07,267,396,0,0,0,1,0,0,1
2015-07-14,236,252,0,0,0,1,0,0,1
2015-07-21,206,159,0,0,0,1,0,0,1
2015-07-28,376,160,0,0,0,1,0,0,1
2015-08-04,253,215,0,0,0,1,0,0,1
2015-08-11,313,328,0,0,0,1,0,0,1
2015-08-18,328,234,0,0,0,1,0,0,1
2015-08-25,264,152,0,0,0,1,0,0,1
2015-09-01,339,153,0,0,0,1,0,0,1
2015-09-08,234,143,0,0,0,1,0,0,1
2015-09-15,287,125,0,0,0,1,0,0,1
2015-09-22,433,120,0,0,0,1,0,0,1
2015-09-29,161,124,0,0,0,1,0,0,1
2015-10-06,296,154,0,0,0,1,0,0,1
2015-10-13,290,145,0,0,0,1,0,0,1
2015-10-20,286,136,0,0,0,1,0,0,1
2015-10-27,291,145,0,0,0,1,0,0,1
2015-11-03,275,271,0,0,0,1,0,0,1
2015-11-10,307,263,0,0,0,1,0,0,1
2015-11-17,236,310,0,0,0,1,0,0,1
2015-11-24,279,224,0,0,0,1,0,0,1
2015-12-01,256,162,0,0,0,1,0,0,1
2015-12-08,232,246,0,0,0,1,0,0,1
2015-12-15,331,217,0,0,0,1,0,0,1
2015-12-22,317,265,0,0,0,1,0,0,1
2015-12-29,263,228,0,0,0,1,0,0,1
2016-01-05,182,188,0,0,0,1,0,0,1
2016-01-12,324,248,0,0,0,1,0,0,1
2016-01-19,294,261,0,0,0,1,0,0,1
2016-01-26,325,208,0,0,0,1,0,0,1
2016-02-02,336,529,0,0,0,1,0,0,1
2016-02-09,297,317,0,0,0,1,0,0,1
2016-02-16,334,233,0,0,0,1,0,0,1
2016-02-23,312,326,0,0,0,1,0,0,1
2016-03-01,302,316,0,0,0,1,0,0,1
2016-03-08,322,298,0,0,0,1,0,0,1
2016-03-15,347,177,0,0,0,1,0,0,1
2016-03-22,330,389,0,0,0,1,0,0,1
2016-03-29,343,346,0,0,0,1,0,0,1
2016-04-05,259,427,0,0,0,1,0,0,1
2016-04-12,348,186,0,0,0,1,0,0,1
2016-04-19,394,279,0,0,0,1,0,0,1
2016-04-26,357,265,0,0,0,1,0,0,1
2016-05-03,320,248,0,0,0,1,0,0,1
2016-05-10,359,322,0,0,0,1,0,0,1
2016-05-17,352,225,0,0,0,1,0,0,1
2016-05-24,356,284,0,0,0,1,0,0,1
2016-05-31,254,173,0,0,0,1,0,0,1
2016-06-07,255,271,0,0,0,1,0,0,1
2015-04-14,6,342,0,0,0,1,1,0,0
2015-04-21,4,234,0,0,0,1,1,0,0
2015-04-28,3,333,0,0,0,1,1,0,0
2015-05-05,3,149,0,0,0,1,1,0,0
2015-05-12,3,266,0,0,0,1,1,0,0
2015-05-19,3,166,0,0,0,1,1,0,0
2015-05-26,7,424,0,0,0,1,1,0,0
2015-06-02,1,521,0,0,0,1,1,0,0
2015-06-09,5,154,0,0,0,1,1,0,0
2015-06-16,20,255,0,0,0,1,1,0,0
2015-06-23,29,290,0,0,0,1,1,0,0
2015-06-30,27,366,0,0,0,1,1,0,0
2015-07-07,37,395,0,0,0,1,1,0,0
2015-07-14,28,256,0,0,0,1,1,0,0
2015-07-21,15,170,0,0,0,1,1,0,0
2015-07-28,39,167,0,0,0,1,1,0,0
2015-08-04,35,236,0,0,0,1,1,0,0
2015-08-11,28,346,0,0,0,1,1,0,0
2015-08-18,37,250,0,0,0,1,1,0,0
2015-08-25,28,184,0,0,0,1,1,0,0
2015-09-01,39,158,0,0,0,1,1,0,0
2015-09-08,30,159,0,0,0,1,1,0,0
2015-09-15,28,110,0,0,0,1,1,0,0
2015-09-22,37,114,0,0,0,1,1,0,0
2015-09-29,12,112,0,0,0,1,1,0,0
2015-10-06,56,179,0,0,0,1,1,0,0
2015-10-13,56,161,0,0,0,1,1,0,0
2015-10-20,89,163,0,0,0,1,1,0,0
2015-10-27,139,169,0,0,0,1,1,0,0
2015-11-03,136,291,0,0,0,1,1,0,0
2015-11-10,130,285,0,0,0,1,1,0,0
2015-11-17,124,326,0,0,0,1,1,0,0
2015-11-24,105,241,0,0,0,1,1,0,0
2015-12-01,103,193,0,0,0,1,1,0,0
2015-12-08,116,279,0,0,0,1,1,0,0
2015-12-15,109,253,0,0,0,1,1,0,0
2015-12-22,89,313,0,0,0,1,1,0,0
2015-12-29,85,261,0,0,0,1,1,0,0
2016-01-05,32,225,0,0,0,1,1,0,0
2016-01-12,91,273,0,0,0,1,1,0,0
2016-01-19,65,315,0,0,0,1,1,0,0
2016-01-26,43,262,0,0,0,1,1,0,0
2016-02-02,65,574,0,0,0,1,1,0,0
2016-02-09,63,341,0,0,0,1,1,0,0
2016-02-16,85,267,0,0,0,1,1,0,0
2016-02-23,81,361,0,0,0,1,1,0,0
2016-03-01,67,338,0,0,0,1,1,0,0
2016-03-08,73,330,0,0,0,1,1,0,0
2016-03-15,84,196,0,0,0,1,1,0,0
2016-03-22,109,384,0,0,0,1,1,0,0
2016-03-29,130,345,0,0,0,1,1,0,0
2016-04-05,110,449,0,0,0,1,1,0,0
2016-04-12,114,218,0,0,0,1,1,0,0
2016-04-19,127,315,0,0,0,1,1,0,0
2016-04-26,139,309,0,0,0,1,1,0,0
2016-05-03,127,289,0,0,0,1,1,0,0
2016-05-10,92,348,0,0,0,1,1,0,0
2016-05-17,119,265,0,0,0,1,1,0,0
2016-05-24,131,321,0,0,0,1,1,0,0
2016-05-31,145,195,0,0,0,1,1,0,0
2016-06-07,161,328,0,0,0,1,1,0,0
2016-06-14,113,339,0,0,0,1,1,0,0
2016-06-21,85,277,0,0,0,1,1,0,0
2016-06-28,78,213,0,0,0,1,1,0,0
2016-07-05,72,263,0,0,0,1,1,0,0
2016-07-12,47,224,0,0,0,1,1,0,0
2016-07-19,91,222,0,0,0,1,1,0,0
2016-07-26,77,209,0,0,0,1,1,0,0
2016-08-02,63,218,0,0,0,1,1,0,0
2016-08-09,96,218,0,0,0,1,1,0,0
2016-08-16,78,235,0,0,0,1,1,0,0
2016-08-23,207,384,0,0,0,1,1,0,0
2016-08-30,135,190,0,0,0,1,1,0,0
2014-02-11,75,186,0,0,0,1,0,1,0
2014-02-18,111,182,0,0,0,1,0,1,0
2014-02-25,86,263,0,0,0,1,0,1,0
2014-03-04,79,277,0,0,0,1,0,1,0
2014-03-11,84,248,0,0,0,1,0,1,0
2014-03-18,82,158,0,0,0,1,0,1,0
2014-03-25,83,258,0,0,0,1,0,1,0
2014-04-01,97,329,0,0,0,1,0,1,0
2014-04-08,59,286,0,0,0,1,0,1,0
2014-04-15,94,156,0,0,0,1,0,1,0
2014-04-22,92,211,0,0,0,1,0,1,0
2014-04-29,74,145,0,0,0,1,0,1,0
2014-05-06,58,180,0,0,0,1,0,1,0
2014-05-13,68,230,0,0,0,1,0,1,0
2014-05-20,100,170,0,0,0,1,0,1,0
2014-05-27,87,177,0,0,0,1,0,1,0
2014-06-03,104,232,0,0,0,1,0,1,0
2014-06-10,95,398,0,0,0,1,0,1,0
2014-06-17,74,208,0,0,0,1,0,1,0
2014-06-24,101,152,0,0,0,1,0,1,0
2014-07-01,112,163,0,0,0,1,0,1,0
2014-07-08,88,142,0,0,0,1,0,1,0
2014-07-15,80,140,0,0,0,1,0,1,0
2014-07-22,65,148,0,0,0,1,0,1,0
2014-07-29,53,294,0,0,0,1,0,1,0
2014-08-05,75,140,0,0,0,1,0,1,0
2014-08-12,91,148,0,0,0,1,0,1,0
2014-08-19,92,165,0,0,0,1,0,1,0
2014-08-26,97,152,0,0,0,1,0,1,0
2014-09-02,97,149,0,0,0,1,0,1,0
2014-09-09,107,217,0,0,0,1,0,1,0
2014-09-16,84,135,0,0,0,1,0,1,0
2014-09-23,73,170,0,0,0,1,0,1,0
2014-09-30,85,264,0,0,0,1,0,1,0
2014-10-07,37,129,0,0,0,1,0,1,0
2014-10-14,77,147,0,0,0,1,0,1,0
2014-10-21,100,244,0,0,0,1,0,1,0
2014-10-28,80,128,0,0,0,1,0,1,0
2014-11-04,101,245,0,0,0,1,0,1,0
2014-11-11,122,247,0,0,0,1,0,1,0
2014-11-18,151,183,0,0,0,1,0,1,0
2014-11-25,124,270,0,0,0,1,0,1,0
2014-12-02,104,137,0,0,0,1,0,1,0
2014-12-09,101,172,0,0,0,1,0,1,0
2014-12-16,141,274,0,0,0,1,0,1,0
2014-12-23,114,496,0,0,0,1,0,1,0
2014-12-30,134,327,0,0,0,1,0,1,0
2015-01-06,82,243,0,0,0,1,0,1,0
2015-01-13,102,533,0,0,0,1,0,1,0
2015-01-20,118,398,0,0,0,1,0,1,0
2015-01-27,167,357,0,0,0,1,0,1,0
2015-02-03,177,248,0,0,0,1,0,1,0
2015-02-10,145,330,0,0,0,1,0,1,0
2015-02-17,98,143,0,0,0,1,0,1,0
2015-02-24,164,438,0,0,0,1,0,1,0
2015-03-03,177,544,0,0,0,1,0,1,0
2015-03-10,162,676,0,0,0,1,0,1,0
2015-03-17,186,289,0,0,0,1,0,1,0
2015-03-24,165,294,0,0,0,1,0,1,0
2015-03-31,176,406,0,0,0,1,0,1,0
2015-04-07,165,250,0,0,0,1,0,1,0
2015-04-14,130,339,0,0,0,1,0,1,0
2015-04-21,137,236,0,0,0,1,0,1,0
2015-04-28,143,335,0,0,0,1,0,1,0
2015-05-05,110,148,0,0,0,1,0,1,0
2015-05-12,111,261,0,0,0,1,0,1,0
2015-05-19,111,161,0,0,0,1,0,1,0
2015-05-26,123,416,0,0,0,1,0,1,0
2015-06-02,122,505,0,0,0,1,0,1,0
2015-06-09,127,148,0,0,0,1,0,1,0
2015-06-16,128,248,0,0,0,1,0,1,0
2015-06-23,114,285,0,0,0,1,0,1,0
2015-06-30,134,366,0,0,0,1,0,1,0
2015-07-07,114,399,0,0,0,1,0,1,0
2015-07-14,66,255,0,0,0,1,0,1,0
2015-07-21,76,164,0,0,0,1,0,1,0
2015-07-28,164,165,0,0,0,1,0,1,0
2015-08-04,174,226,0,0,0,1,0,1,0
2015-08-11,105,338,0,0,0,1,0,1,0
2015-08-18,114,242,0,0,0,1,0,1,0
2015-08-25,134,167,0,0,0,1,0,1,0
2015-09-01,151,156,0,0,0,1,0,1,0
2015-09-08,131,150,0,0,0,1,0,1,0
2015-09-15,149,120,0,0,0,1,0,1,0
2015-09-22,120,118,0,0,0,1,0,1,0
2015-09-29,51,120,0,0,0,1,0,1,0
2015-10-06,132,167,0,0,0,1,0,1,0
2015-10-13,104,154,0,0,0,1,0,1,0
2015-10-20,226,149,0,0,0,1,0,1,0
2015-10-27,209,157,0,0,0,1,0,1,0
2015-11-03,159,283,0,0,0,1,0,1,0
2015-11-10,188,275,0,0,0,1,0,1,0
2015-11-17,140,319,0,0,0,1,0,1,0
2015-11-24,196,234,0,0,0,1,0,1,0
2015-12-01,143,178,0,0,0,1,0,1,0
2015-12-08,161,264,0,0,0,1,0,1,0
2015-12-15,186,236,0,0,0,1,0,1,0
2015-12-22,204,288,0,0,0,1,0,1,0
2015-12-29,237,245,0,0,0,1,0,1,0
2016-01-05,150,207,0,0,0,1,0,1,0
2016-01-12,166,261,0,0,0,1,0,1,0
2016-01-19,156,287,0,0,0,1,0,1,0
2016-01-26,213,235,0,0,0,1,0,1,0
2016-02-02,119,552,0,0,0,1,0,1,0
2016-02-09,75,329,0,0,0,1,0,1,0
2016-02-16,53,250,0,0,0,1,0,1,0
2016-02-23,38,345,0,0,0,1,0,1,0
2016-03-01,105,329,0,0,0,1,0,1,0
2016-03-08,37,315,0,0,0,1,0,1,0
2016-03-15,66,188,0,0,0,1,0,1,0
2016-03-22,136,392,0,0,0,1,0,1,0
2016-03-29,160,350,0,0,0,1,0,1,0
2016-04-05,105,441,0,0,0,1,0,1,0
2016-04-12,143,204,0,0,0,1,0,1,0
2016-04-19,127,298,0,0,0,1,0,1,0
2016-04-26,163,287,0,0,0,1,0,1,0
2016-05-03,116,269,0,0,0,1,0,1,0
2016-05-10,124,337,0,0,0,1,0,1,0
2016-05-17,109,246,0,0,0,1,0,1,0
2016-05-24,99,304,0,0,0,1,0,1,0
2016-05-31,197,186,0,0,0,1,0,1,0
2016-06-07,109,299,0,0,0,1,0,1,0
