date,demand,w_{t-1},w_{t-2},w_{t-3},w_{t-4},w_{t-5},w_{t-1}_trend,w_{t-1}_seasonality,service_General Medicine,service_Gynaecology,service_Pediatrics,service_Pharmacy,mohafaza_B,mohafaza_N,mohafaza_NE
2014-03-11,195,204,197,200,194,200,201,6,1,0,0,0,0,0,1
2014-03-18,187,195,204,197,200,194,201,19,1,0,0,0,0,0,1
2014-03-25,193,187,195,204,197,200,201,2,1,0,0,0,0,0,1
2014-04-01,242,193,187,195,204,197,200,0,1,0,0,0,0,0,1
2014-04-08,154,242,193,187,195,204,200,0,1,0,0,0,0,0,1
2014-04-15,237,154,242,193,187,195,200,-32,1,0,0,0,0,0,1
2014-04-22,235,237,154,242,193,187,200,3,1,0,0,0,0,0,1
2014-04-29,175,235,237,154,242,193,199,10,1,0,0,0,0,0,1
2014-05-06,243,175,235,237,154,242,199,-26,1,0,0,0,0,0,1
2014-05-13,237,243,175,235,237,154,199,0,1,0,0,0,0,0,1
2014-05-20,208,237,243,175,235,237,199,11,1,0,0,0,0,0,1
2014-05-27,273,208,237,243,175,235,198,-5,1,0,0,0,0,0,1
2014-06-03,183,273,208,237,243,175,198,20,1,0,0,0,0,0,1
2014-06-10,207,183,273,208,237,243,198,-26,1,0,0,0,0,0,1
2014-06-17,221,207,183,273,208,237,198,-11,1,0,0,0,0,0,1
2014-06-24,219,221,207,183,273,208,197,-9,1,0,0,0,0,0,1
2014-07-01,193,219,221,207,183,273,197,-19,1,0,0,0,0,0,1
2014-07-08,224,193,219,221,207,183,197,-24,1,0,0,0,0,0,1
2014-07-15,194,224,193,219,221,207,197,-36,1,0,0,0,0,0,1
2014-07-22,178,194,224,193,219,221,196,-45,1,0,0,0,0,0,1
2014-07-29,103,178,194,224,193,219,196,-28,1,0,0,0,0,0,1
2014-08-05,174,103,178,194,224,193,196,-32,1,0,0,0,0,0,1
2014-08-12,166,174,103,178,194,224,196,-6,1,0,0,0,0,0,1
2014-08-19,191,166,174,103,178,194,196,-7,1,0,0,0,0,0,1
2014-08-26,170,191,166,174,103,178,195,10,1,0,0,0,0,0,1
2014-09-02,177,170,191,166,174,103,195,-16,1,0,0,0,0,0,1
2014-09-09,214,177,170,191,166,174,194,17,1,0,0,0,0,0,1
2014-09-16,173,214,177,170,191,166,195,0,1,0,0,0,0,0,1
2014-09-23,169,173,214,177,170,191,196,-23,1,0,0,0,0,0,1
2014-09-30,165,169,173,214,177,170,196,-16,1,0,0,0,0,0,1
2014-10-07,98,165,169,173,214,177,196,-26,1,0,0,0,0,0,1
2014-10-14,212,98,165,169,173,214,196,-24,1,0,0,0,0,0,1
2014-10-21,173,212,98,165,169,173,196,24,1,0,0,0,0,0,1
2014-10-28,193,173,212,98,165,169,195,-5,1,0,0,0,0,0,1
2014-11-04,167,193,173,212,98,165,195,3,1,0,0,0,0,0,1
2014-11-11,205,167,193,173,212,98,194,-25,1,0,0,0,0,0,1
2014-11-18,212,205,167,193,173,212,193,15,1,0,0,0,0,0,1
2014-11-25,190,212,205,167,193,173,193,3,1,0,0,0,0,0,1
2014-12-02,184,190,212,205,167,193,192,-3,1,0,0,0,0,0,1
2014-12-09,172,184,190,212,205,167,192,16,1,0,0,0,0,0,1
2014-12-16,169,172,184,190,212,205,191,15,1,0,0,0,0,0,1
2014-12-23,222,169,172,184,190,212,191,28,1,0,0,0,0,0,1
2014-12-30,195,222,169,172,184,190,190,50,1,0,0,0,0,0,1
2015-01-06,168,195,222,169,172,184,190,58,1,0,0,0,0,0,1
2015-01-13,157,168,195,222,169,172,189,-6,1,0,0,0,0,0,1
2015-01-20,190,157,168,195,222,169,188,-11,1,0,0,0,0,0,1
2015-01-27,216,190,157,168,195,222,186,-10,1,0,0,0,0,0,1
2015-02-03,217,216,190,157,168,195,187,14,1,0,0,0,0,0,1
2015-02-10,240,217,216,190,157,168,187,64,1,0,0,0,0,0,1
2015-02-17,216,240,217,216,190,157,187,35,1,0,0,0,0,0,1
2015-02-24,205,216,240,217,216,190,187,26,1,0,0,0,0,0,1
2015-03-03,206,205,216,240,217,216,187,20,1,0,0,0,0,0,1
2015-03-10,244,206,205,216,240,217,187,6,1,0,0,0,0,0,1
2015-03-17,228,244,206,205,216,240,187,19,1,0,0,0,0,0,1
2015-03-24,216,228,244,206,205,216,186,2,1,0,0,0,0,0,1
2015-03-31,198,216,228,244,206,205,187,0,1,0,0,0,0,0,1
2015-04-07,179,198,216,228,244,206,186,0,1,0,0,0,0,0,1
2015-04-14,190,179,198,216,228,244,186,-32,1,0,0,0,0,0,1
2015-04-21,201,190,179,198,216,228,186,3,1,0,0,0,0,0,1
2015-04-28,187,201,190,179,198,216,186,10,1,0,0,0,0,0,1
2015-05-05,185,187,201,190,179,198,186,-26,1,0,0,0,0,0,1
2015-05-12,193,185,187,201,190,179,185,0,1,0,0,0,0,0,1
2015-05-19,211,193,185,187,201,190,185,11,1,0,0,0,0,0,1
2015-05-26,201,211,193,185,187,201,184,-5,1,0,0,0,0,0,1
2015-06-02,188,201,211,193,185,187,184,20,1,0,0,0,0,0,1
2015-06-09,190,188,201,211,193,185,183,-26,1,0,0,0,0,0,1
2015-06-16,192,190,188,201,211,193,183,-11,1,0,0,0,0,0,1
2015-06-23,183,192,190,188,201,211,184,-9,1,0,0,0,0,0,1
2015-06-30,156,183,192,190,188,201,184,-19,1,0,0,0,0,0,1
2015-07-07,157,156,183,192,190,188,184,-24,1,0,0,0,0,0,1
2015-07-14,146,157,156,183,192,190,185,-36,1,0,0,0,0,0,1
2015-07-21,106,146,157,156,183,192,186,-45,1,0,0,0,0,0,1
2015-07-28,189,106,146,157,156,183,186,-28,1,0,0,0,0,0,1
2015-08-04,151,189,106,146,157,156,185,-32,1,0,0,0,0,0,1
2015-08-11,165,151,189,106,146,157,185,-6,1,0,0,0,0,0,1
2015-08-18,178,165,151,189,106,146,186,-7,1,0,0,0,0,0,1
2015-08-25,177,178,165,151,189,106,185,10,1,0,0,0,0,0,1
2015-09-01,193,177,178,165,151,189,185,-16,1,0,0,0,0,0,1
2015-09-08,166,193,177,178,165,151,185,17,1,0,0,0,0,0,1
2015-09-15,182,166,193,177,178,165,184,0,1,0,0,0,0,0,1
2015-09-22,182,182,166,193,177,178,184,-23,1,0,0,0,0,0,1
2015-09-29,78,182,182,166,193,177,183,-16,1,0,0,0,0,0,1
2015-10-06,174,78,182,182,166,193,182,-26,1,0,0,0,0,0,1
2015-10-13,177,174,78,182,182,166,181,-24,1,0,0,0,0,0,1
2015-10-20,174,177,174,78,182,182,180,24,1,0,0,0,0,0,1
2015-10-27,177,174,177,174,78,182,180,-5,1,0,0,0,0,0,1
2015-11-03,160,177,174,177,174,78,179,3,1,0,0,0,0,0,1
2015-11-10,181,160,177,174,177,174,179,-25,1,0,0,0,0,0,1
2015-11-17,168,181,160,177,174,177,178,15,1,0,0,0,0,0,1
2015-11-24,150,168,181,160,177,174,178,3,1,0,0,0,0,0,1
2015-12-01,190,150,168,181,160,177,177,-3,1,0,0,0,0,0,1
2015-12-08,166,190,150,168,181,160,176,16,1,0,0,0,0,0,1
2015-12-15,209,166,190,150,168,181,175,15,1,0,0,0,0,0,1
2015-12-22,214,209,166,190,150,168,175,28,1,0,0,0,0,0,1
2015-12-29,248,214,209,166,190,150,174,50,1,0,0,0,0,0,1
2016-01-05,192,248,214,209,166,190,173,58,1,0,0,0,0,0,1
2016-01-12,191,192,248,214,209,166,173,-6,1,0,0,0,0,0,1
2016-01-19,159,191,192,248,214,209,172,-11,1,0,0,0,0,0,1
2016-01-26,181,159,191,192,248,214,172,-10,1,0,0,0,0,0,1
2016-02-02,282,181,159,191,192,248,173,14,1,0,0,0,0,0,1
2016-02-09,203,282,181,159,191,192,174,64,1,0,0,0,0,0,1
2016-02-16,210,203,282,181,159,191,176,35,1,0,0,0,0,0,1
2016-02-23,210,210,203,282,181,159,177,26,1,0,0,0,0,0,1
2016-03-01,188,210,210,203,282,181,178,20,1,0,0,0,0,0,1
2016-03-08,199,188,210,210,203,282,178,6,1,0,0,0,0,0,1
2016-03-15,173,199,188,210,210,203,179,19,1,0,0,0,0,0,1
2016-03-22,171,173,199,188,210,210,179,2,1,0,0,0,0,0,1
2016-03-29,142,171,173,199,188,210,179,0,1,0,0,0,0,0,1
2016-04-05,153,142,171,173,199,188,181,0,1,0,0,0,0,0,1
2016-04-12,166,153,142,171,173,199,183,-32,1,0,0,0,0,0,1
2016-04-19,180,166,153,142,171,173,184,3,1,0,0,0,0,0,1
2016-04-26,145,180,166,153,142,171,185,10,1,0,0,0,0,0,1
2016-05-03,159,145,180,166,153,142,186,-26,1,0,0,0,0,0,1
2016-05-10,188,159,145,180,166,153,187,0,1,0,0,0,0,0,1
2016-05-17,151,188,159,145,180,166,187,11,1,0,0,0,0,0,1
2016-05-24,171,151,188,159,145,180,188,-5,1,0,0,0,0,0,1
2016-05-31,137,171,151,188,159,145,189,20,1,0,0,0,0,0,1
2016-06-07,156,137,171,151,188,159,190,-26,1,0,0,0,0,0,1
2014-02-18,4,11,3,1,4,1,-14,3,1,0,0,0,1,0,0
2014-02-25,3,4,11,3,1,4,-14,-2,1,0,0,0,1,0,0
2014-03-04,7,3,4,11,3,1,-13,-1,1,0,0,0,1,0,0
2014-03-11,7,7,3,4,11,3,-12,-1,1,0,0,0,1,0,0
2014-03-18,2,7,7,3,4,11,-12,-5,1,0,0,0,1,0,0
2014-03-25,3,2,7,7,3,4,-11,-11,1,0,0,0,1,0,0
2014-04-01,2,3,2,7,7,3,-11,-10,1,0,0,0,1,0,0
2014-04-08,8,2,3,2,7,7,-10,-10,1,0,0,0,1,0,0
2014-04-15,12,8,2,3,2,7,-10,0,1,0,0,0,1,0,0
2014-04-22,7,12,8,2,3,2,-9,-5,1,0,0,0,1,0,0
2014-04-29,7,7,12,8,2,3,-8,-6,1,0,0,0,1,0,0
2014-05-06,4,7,7,12,8,2,-8,-4,1,0,0,0,1,0,0
2014-05-13,3,4,7,7,12,8,-7,-10,1,0,0,0,1,0,0
2014-05-20,4,3,4,7,7,12,-7,-12,1,0,0,0,1,0,0
2014-05-27,7,4,3,4,7,7,-6,-9,1,0,0,0,1,0,0
2014-06-03,4,7,4,3,4,7,-6,-6,1,0,0,0,1,0,0
2014-06-10,5,4,7,4,3,4,-5,-5,1,0,0,0,1,0,0
2014-06-17,6,5,4,7,4,3,-4,-1,1,0,0,0,1,0,0
2014-06-24,6,6,5,4,7,4,-4,0,1,0,0,0,1,0,0
2014-07-01,11,6,6,5,4,7,-3,6,1,0,0,0,1,0,0
2014-07-08,2,11,6,6,5,4,-3,5,1,0,0,0,1,0,0
2014-07-15,6,2,11,6,6,5,-2,-5,1,0,0,0,1,0,0
2014-07-22,1,6,2,11,6,6,-2,-14,1,0,0,0,1,0,0
2014-07-29,1,1,6,2,11,6,-1,-6,1,0,0,0,1,0,0
2014-08-05,9,1,1,6,2,11,0,10,1,0,0,0,1,0,0
2014-08-12,6,9,1,1,6,2,0,2,1,0,0,0,1,0,0
2014-08-19,10,6,9,1,1,6,7,6,1,0,0,0,1,0,0
2014-08-26,4,10,6,9,1,1,7,8,1,0,0,0,1,0,0
2014-09-02,4,4,10,6,9,1,7,8,1,0,0,0,1,0,0
2014-09-09,12,4,4,10,6,9,7,4,1,0,0,0,1,0,0
2014-09-16,5,12,4,4,10,6,7,6,1,0,0,0,1,0,0
2014-09-23,12,5,12,4,4,10,7,-13,1,0,0,0,1,0,0
2014-09-30,13,12,5,12,4,4,7,9,1,0,0,0,1,0,0
2014-10-07,7,13,12,5,12,4,7,-5,1,0,0,0,1,0,0
2014-10-14,2,7,13,12,5,12,7,19,1,0,0,0,1,0,0
2014-10-21,18,2,7,13,12,5,7,5,1,0,0,0,1,0,0
2014-10-28,11,18,2,7,13,12,7,8,1,0,0,0,1,0,0
2014-11-04,10,11,18,2,7,13,7,11,1,0,0,0,1,0,0
2014-11-11,7,10,11,18,2,7,7,12,1,0,0,0,1,0,0
2014-11-18,10,7,10,11,18,2,7,1,1,0,0,0,1,0,0
2014-11-25,12,10,7,10,11,18,7,10,1,0,0,0,1,0,0
2014-12-02,8,12,10,7,10,11,7,5,1,0,0,0,1,0,0
2014-12-09,10,8,12,10,7,10,7,-1,1,0,0,0,1,0,0
2014-12-16,4,10,8,12,10,7,7,-10,1,0,0,0,1,0,0
2014-12-23,10,4,10,8,12,10,7,-3,1,0,0,0,1,0,0
2014-12-30,10,10,4,10,8,12,8,1,1,0,0,0,1,0,0
2015-01-06,6,10,10,4,10,8,9,38,1,0,0,0,1,0,0
2015-01-13,1,6,10,10,4,10,9,-3,1,0,0,0,1,0,0
2015-01-20,5,1,6,10,10,4,10,-12,1,0,0,0,1,0,0
2015-01-27,11,5,1,6,10,10,10,4,1,0,0,0,1,0,0
2015-02-03,11,11,5,1,6,10,11,-5,1,0,0,0,1,0,0
2015-02-10,6,11,11,5,1,6,12,-7,1,0,0,0,1,0,0
2015-02-17,3,6,11,11,5,1,12,3,1,0,0,0,1,0,0
2015-02-24,5,3,6,11,11,5,13,-2,1,0,0,0,1,0,0
2015-03-03,3,5,3,6,11,11,14,-1,1,0,0,0,1,0,0
2015-03-10,13,3,5,3,6,11,15,-1,1,0,0,0,1,0,0
2015-03-17,3,13,3,5,3,6,16,-5,1,0,0,0,1,0,0
2015-03-24,5,3,13,3,5,3,17,-11,1,0,0,0,1,0,0
2015-03-31,4,5,3,13,3,5,17,-10,1,0,0,0,1,0,0
2015-04-07,7,4,5,3,13,3,18,-10,1,0,0,0,1,0,0
2015-04-14,3,7,4,5,3,13,18,0,1,0,0,0,1,0,0
2015-04-21,2,3,7,4,5,3,19,-5,1,0,0,0,1,0,0
2015-04-28,6,2,3,7,4,5,20,-6,1,0,0,0,1,0,0
2015-05-05,4,6,2,3,7,4,21,-4,1,0,0,0,1,0,0
2015-05-12,3,4,6,2,3,7,22,-10,1,0,0,0,1,0,0
2015-05-19,4,3,4,6,2,3,23,-12,1,0,0,0,1,0,0
2015-05-26,5,4,3,4,6,2,24,-9,1,0,0,0,1,0,0
2015-06-02,4,5,4,3,4,6,25,-6,1,0,0,0,1,0,0
2015-06-09,21,4,5,4,3,4,26,-5,1,0,0,0,1,0,0
2015-06-16,36,21,4,5,4,3,26,-1,1,0,0,0,1,0,0
2015-06-23,64,36,21,4,5,4,27,0,1,0,0,0,1,0,0
2015-06-30,40,64,36,21,4,5,28,6,1,0,0,0,1,0,0
2015-07-07,31,40,64,36,21,4,30,5,1,0,0,0,1,0,0
2015-07-14,30,31,40,64,36,21,31,-5,1,0,0,0,1,0,0
2015-07-21,20,30,31,40,64,36,32,-14,1,0,0,0,1,0,0
2015-07-28,44,20,30,31,40,64,33,-6,1,0,0,0,1,0,0
2015-08-04,44,44,20,30,31,40,34,10,1,0,0,0,1,0,0
2015-08-11,45,44,44,20,30,31,35,2,1,0,0,0,1,0,0
2015-08-18,45,45,44,44,20,30,36,6,1,0,0,0,1,0,0
2015-08-25,46,45,45,44,44,20,37,8,1,0,0,0,1,0,0
2015-09-01,55,46,45,45,44,44,38,8,1,0,0,0,1,0,0
2015-09-08,59,55,46,45,45,44,39,4,1,0,0,0,1,0,0
2015-09-15,52,59,55,46,45,45,40,6,1,0,0,0,1,0,0
2015-09-22,35,52,59,55,46,45,40,-13,1,0,0,0,1,0,0
2015-09-29,9,35,52,59,55,46,41,9,1,0,0,0,1,0,0
2015-10-06,52,9,35,52,59,55,41,-5,1,0,0,0,1,0,0
2015-10-13,55,52,9,35,52,59,42,19,1,0,0,0,1,0,0
2015-10-20,73,55,52,9,35,52,43,5,1,0,0,0,1,0,0
2015-10-27,62,73,55,52,9,35,44,8,1,0,0,0,1,0,0
2015-11-03,52,62,73,55,52,9,46,11,1,0,0,0,1,0,0
2015-11-10,67,52,62,73,55,52,47,12,1,0,0,0,1,0,0
2015-11-17,58,67,52,62,73,55,48,1,1,0,0,0,1,0,0
2015-11-24,51,58,67,52,62,73,49,10,1,0,0,0,1,0,0
2015-12-01,62,51,58,67,52,62,50,5,1,0,0,0,1,0,0
2015-12-08,50,62,51,58,67,52,51,-1,1,0,0,0,1,0,0
2015-12-15,53,50,62,51,58,67,52,-10,1,0,0,0,1,0,0
2015-12-22,79,53,50,62,51,58,53,-3,1,0,0,0,1,0,0
2015-12-29,88,79,53,50,62,51,53,1,1,0,0,0,1,0,0
2016-01-05,57,88,79,53,50,62,54,38,1,0,0,0,1,0,0
2016-01-12,46,57,88,79,53,50,54,-3,1,0,0,0,1,0,0
2016-01-19,74,46,57,88,79,53,55,-12,1,0,0,0,1,0,0
2016-01-26,50,74,46,57,88,79,55,4,1,0,0,0,1,0,0
2016-02-02,49,50,74,46,57,88,56,-5,1,0,0,0,1,0,0
2016-02-09,56,49,50,74,46,57,57,-7,1,0,0,0,1,0,0
2016-02-16,53,56,49,50,74,46,58,3,1,0,0,0,1,0,0
2016-02-23,58,53,56,49,50,74,59,-2,1,0,0,0,1,0,0
2016-03-01,58,58,53,56,49,50,60,-1,1,0,0,0,1,0,0
2016-03-08,39,58,58,53,56,49,61,-1,1,0,0,0,1,0,0
2016-03-15,36,39,58,58,53,56,62,-5,1,0,0,0,1,0,0
2016-03-22,39,36,39,58,58,53,62,-11,1,0,0,0,1,0,0
2016-03-29,42,39,36,39,58,58,63,-10,1,0,0,0,1,0,0
2016-04-05,66,42,39,36,39,58,64,-10,1,0,0,0,1,0,0
2016-04-12,54,66,42,39,36,39,66,0,1,0,0,0,1,0,0
2016-04-19,60,54,66,42,39,36,68,-5,1,0,0,0,1,0,0
2016-04-26,64,60,54,66,42,39,68,-6,1,0,0,0,1,0,0
2016-05-03,53,64,60,54,66,42,69,-4,1,0,0,0,1,0,0
2016-05-10,52,53,64,60,54,66,70,-10,1,0,0,0,1,0,0
2016-05-17,61,52,53,64,60,54,71,-12,1,0,0,0,1,0,0
2016-05-24,70,61,52,53,64,60,72,-9,1,0,0,0,1,0,0
2016-05-31,77,70,61,52,53,64,73,-6,1,0,0,0,1,0,0
2016-06-07,75,77,70,61,52,53,74,-5,1,0,0,0,1,0,0
2014-02-11,22,39,34,48,28,21,24,12,1,0,0,0,0,1,0
2014-02-18,15,22,39,34,48,28,25,-8,1,0,0,0,0,1,0
2014-02-25,27,15,22,39,34,48,25,-15,1,0,0,0,0,1,0
2014-03-04,30,27,15,22,39,34,26,-8,1,0,0,0,0,1,0
2014-03-11,83,30,27,15,22,39,26,-10,1,0,0,0,0,1,0
2014-03-18,44,83,30,27,15,22,27,13,1,0,0,0,0,1,0
2014-03-25,29,44,83,30,27,15,27,7,1,0,0,0,0,1,0
2014-04-01,56,29,44,83,30,27,28,0,1,0,0,0,0,1,0
2014-04-08,14,56,29,44,83,30,28,13,1,0,0,0,0,1,0
2014-04-15,29,14,56,29,44,83,29,1,1,0,0,0,0,1,0
2014-04-22,46,29,14,56,29,44,29,-6,1,0,0,0,0,1,0
2014-04-29,18,46,29,14,56,29,30,3,1,0,0,0,0,1,0
2014-05-06,20,18,46,29,14,56,30,2,1,0,0,0,0,1,0
2014-05-13,24,20,18,46,29,14,31,1,1,0,0,0,0,1,0
2014-05-20,48,24,20,18,46,29,31,1,1,0,0,0,0,1,0
2014-05-27,33,48,24,20,18,46,32,-3,1,0,0,0,0,1,0
2014-06-03,41,33,48,24,20,18,32,-12,1,0,0,0,0,1,0
2014-06-10,34,41,33,48,24,20,33,-13,1,0,0,0,0,1,0
2014-06-17,16,34,41,33,48,24,33,-14,1,0,0,0,0,1,0
2014-06-24,22,16,34,41,33,48,34,-23,1,0,0,0,0,1,0
2014-07-01,34,22,16,34,41,33,34,-20,1,0,0,0,0,1,0
2014-07-08,29,34,22,16,34,41,35,-15,1,0,0,0,0,1,0
2014-07-15,20,29,34,22,16,34,35,-17,1,0,0,0,0,1,0
2014-07-22,25,20,29,34,22,16,36,-26,1,0,0,0,0,1,0
2014-07-29,6,25,20,29,34,22,36,-23,1,0,0,0,0,1,0
2014-08-05,17,6,25,20,29,34,37,-13,1,0,0,0,0,1,0
2014-08-12,31,17,6,25,20,29,37,-15,1,0,0,0,0,1,0
2014-08-19,20,31,17,6,25,20,38,-22,1,0,0,0,0,1,0
2014-08-26,25,20,31,17,6,25,38,-19,1,0,0,0,0,1,0
2014-09-02,31,25,20,31,17,6,39,-7,1,0,0,0,0,1,0
2014-09-09,57,31,25,20,31,17,39,-9,1,0,0,0,0,1,0
2014-09-16,32,57,31,25,20,31,40,1,1,0,0,0,0,1,0
2014-09-23,44,32,57,31,25,20,40,-3,1,0,0,0,0,1,0
2014-09-30,45,44,32,57,31,25,41,9,1,0,0,0,0,1,0
2014-10-07,6,45,44,32,57,31,41,-7,1,0,0,0,0,1,0
2014-10-14,45,6,45,44,32,57,42,0,1,0,0,0,0,1,0
2014-10-21,52,45,6,45,44,32,43,9,1,0,0,0,0,1,0
2014-10-28,34,52,45,6,45,44,43,15,1,0,0,0,0,1,0
2014-11-04,59,34,52,45,6,45,44,6,1,0,0,0,0,1,0
2014-11-11,59,59,34,52,45,6,45,10,1,0,0,0,0,1,0
2014-11-18,49,59,59,34,52,45,46,20,1,0,0,0,0,1,0
2014-11-25,44,49,59,59,34,52,46,11,1,0,0,0,0,1,0
2014-12-02,42,44,49,59,59,34,46,11,1,0,0,0,0,1,0
2014-12-09,58,42,44,49,59,59,46,18,1,0,0,0,0,1,0
2014-12-16,56,58,42,44,49,59,46,21,1,0,0,0,0,1,0
2014-12-23,61,56,58,42,44,49,47,23,1,0,0,0,0,1,0
2014-12-30,59,61,56,58,42,44,47,45,1,0,0,0,0,1,0
2015-01-06,32,59,61,56,58,42,47,26,1,0,0,0,0,1,0
2015-01-13,44,32,59,61,56,58,48,3,1,0,0,0,0,1,0
2015-01-20,51,44,32,59,61,56,48,6,1,0,0,0,0,1,0
2015-01-27,66,51,44,32,59,61,49,8,1,0,0,0,0,1,0
2015-02-03,66,66,51,44,32,59,49,8,1,0,0,0,0,1,0
2015-02-10,49,66,66,51,44,32,50,12,1,0,0,0,0,1,0
2015-02-17,48,49,66,66,51,44,51,-8,1,0,0,0,0,1,0
2015-02-24,58,48,49,66,66,51,51,-15,1,0,0,0,0,1,0
2015-03-03,54,58,48,49,66,66,52,-8,1,0,0,0,0,1,0
2015-03-10,76,54,58,48,49,66,53,-10,1,0,0,0,0,1,0
2015-03-17,82,76,54,58,48,49,53,13,1,0,0,0,0,1,0
2015-03-24,64,82,76,54,58,48,53,7,1,0,0,0,0,1,0
2015-03-31,72,64,82,76,54,58,54,0,1,0,0,0,0,1,0
2015-04-07,85,72,64,82,76,54,54,13,1,0,0,0,0,1,0
2015-04-14,63,85,72,64,82,76,55,1,1,0,0,0,0,1,0
2015-04-21,60,63,85,72,64,82,55,-6,1,0,0,0,0,1,0
2015-04-28,66,60,63,85,72,64,56,3,1,0,0,0,0,1,0
2015-05-05,61,66,60,63,85,72,56,2,1,0,0,0,0,1,0
2015-05-12,54,61,66,60,63,85,57,1,1,0,0,0,0,1,0
2015-05-19,41,54,61,66,60,63,57,1,1,0,0,0,0,1,0
2015-05-26,46,41,54,61,66,60,58,-3,1,0,0,0,0,1,0
2015-06-02,40,46,41,54,61,66,58,-12,1,0,0,0,0,1,0
2015-06-09,48,40,46,41,54,61,59,-13,1,0,0,0,0,1,0
2015-06-16,45,48,40,46,41,54,59,-14,1,0,0,0,0,1,0
2015-06-23,45,45,48,40,46,41,60,-23,1,0,0,0,0,1,0
2015-06-30,53,45,45,48,40,46,61,-20,1,0,0,0,0,1,0
2015-07-07,54,53,45,45,48,40,61,-15,1,0,0,0,0,1,0
2015-07-14,44,54,53,45,45,48,62,-17,1,0,0,0,0,1,0
2015-07-21,35,44,54,53,45,45,63,-26,1,0,0,0,0,1,0
2015-07-28,68,35,44,54,53,45,64,-23,1,0,0,0,0,1,0
2015-08-04,69,68,35,44,54,53,64,-13,1,0,0,0,0,1,0
2015-08-11,39,69,68,35,44,54,64,-15,1,0,0,0,0,1,0
2015-08-18,53,39,69,68,35,44,63,-22,1,0,0,0,0,1,0
2015-08-25,59,53,39,69,68,35,63,-19,1,0,0,0,0,1,0
2015-09-01,57,59,53,39,69,68,63,-7,1,0,0,0,0,1,0
2015-09-08,60,57,59,53,39,69,62,-9,1,0,0,0,0,1,0
2015-09-15,73,60,57,59,53,39,61,1,1,0,0,0,0,1,0
2015-09-22,64,73,60,57,59,53,60,-3,1,0,0,0,0,1,0
2015-09-29,31,64,73,60,57,59,59,9,1,0,0,0,0,1,0
2015-10-06,85,31,64,73,60,57,59,-7,1,0,0,0,0,1,0
2015-10-13,60,85,31,64,73,60,59,0,1,0,0,0,0,1,0
2015-10-20,73,60,85,31,64,73,58,9,1,0,0,0,0,1,0
2015-10-27,62,73,60,85,31,64,57,15,1,0,0,0,0,1,0
2015-11-03,78,62,73,60,85,31,57,6,1,0,0,0,0,1,0
2015-11-10,78,78,62,73,60,85,57,10,1,0,0,0,0,1,0
2015-11-17,76,78,78,62,73,60,57,20,1,0,0,0,0,1,0
2015-11-24,69,76,78,78,62,73,58,11,1,0,0,0,0,1,0
2015-12-01,87,69,76,78,78,62,58,11,1,0,0,0,0,1,0
2015-12-08,91,87,69,76,78,78,57,18,1,0,0,0,0,1,0
2015-12-15,79,91,87,69,76,78,57,21,1,0,0,0,0,1,0
2015-12-22,107,79,91,87,69,76,56,23,1,0,0,0,0,1,0
2015-12-29,91,107,79,91,87,69,56,45,1,0,0,0,0,1,0
2016-01-05,82,91,107,79,91,87,55,26,1,0,0,0,0,1,0
2016-01-12,76,82,91,107,79,91,55,3,1,0,0,0,0,1,0
2016-01-19,72,76,82,91,107,79,54,6,1,0,0,0,0,1,0
2016-01-26,57,72,76,82,91,107,54,8,1,0,0,0,0,1,0
2016-02-02,66,57,72,76,82,91,53,8,1,0,0,0,0,1,0
2016-02-09,38,66,57,72,76,82,52,12,1,0,0,0,0,1,0
2016-02-16,28,38,66,57,72,76,52,-8,1,0,0,0,0,1,0
2016-02-23,26,28,38,66,57,72,51,-15,1,0,0,0,0,1,0
2016-03-01,21,26,28,38,66,57,51,-8,1,0,0,0,0,1,0
2016-03-08,18,21,26,28,38,66,51,-10,1,0,0,0,0,1,0
2016-03-15,33,18,21,26,28,38,50,13,1,0,0,0,0,1,0
2016-03-22,46,33,18,21,26,28,50,7,1,0,0,0,0,1,0
2016-03-29,51,46,33,18,21,26,49,0,1,0,0,0,0,1,0
2016-04-05,45,51,46,33,18,21,49,13,1,0,0,0,0,1,0
2016-04-12,32,45,51,46,33,18,49,1,1,0,0,0,0,1,0
2016-04-19,46,32,45,51,46,33,49,-6,1,0,0,0,0,1,0
2016-04-26,65,46,32,45,51,46,49,3,1,0,0,0,0,1,0
2016-05-03,65,65,46,32,45,51,49,2,1,0,0,0,0,1,0
2016-05-10,69,65,65,46,32,45,49,1,1,0,0,0,0,1,0
2016-05-17,48,69,65,65,46,32,49,1,1,0,0,0,0,1,0
2016-05-24,31,48,69,65,65,46,48,-3,1,0,0,0,0,1,0
2016-05-31,26,31,48,69,65,65,48,-12,1,0,0,0,0,1,0
2016-06-07,24,26,31,48,69,65,48,-13,1,0,0,0,0,1,0
2014-02-11,16,52,25,46,40,40,39,14,0,1,0,0,0,0,1
2014-02-18,46,16,52,25,46,40,39,6,0,1,0,0,0,0,1
2014-02-25,37,46,16,52,25,46,39,4,0,1,0,0,0,0,1
2014-03-04,31,37,46,16,52,25,40,4,0,1,0,0,0,0,1
2014-03-11,50,31,37,46,16,52,40,-8,0,1,0,0,0,0,1
2014-03-18,43,50,31,37,46,16,40,13,0,1,0,0,0,0,1
2014-03-25,16,43,50,31,37,46,40,4,0,1,0,0,0,0,1
2014-04-01,55,16,43,50,31,37,41,-5,0,1,0,0,0,0,1
2014-04-08,59,55,16,43,50,31,41,-1,0,1,0,0,0,0,1
2014-04-15,52,59,55,16,43,50,41,22,0,1,0,0,0,0,1
2014-04-22,65,52,59,55,16,43,41,-6,0,1,0,0,0,0,1
2014-04-29,26,65,52,59,55,16,42,9,0,1,0,0,0,0,1
2014-05-06,53,26,65,52,59,55,42,-10,0,1,0,0,0,0,1
2014-05-13,44,53,26,65,52,59,42,-4,0,1,0,0,0,0,1
2014-05-20,52,44,53,26,65,52,43,0,0,1,0,0,0,0,1
2014-05-27,36,52,44,53,26,65,43,21,0,1,0,0,0,0,1
2014-06-03,58,36,52,44,53,26,43,-13,0,1,0,0,0,0,1
2014-06-10,58,58,36,52,44,53,43,10,0,1,0,0,0,0,1
2014-06-17,32,58,58,36,52,44,44,14,0,1,0,0,0,0,1
2014-06-24,37,32,58,58,36,52,44,3,0,1,0,0,0,0,1
2014-07-01,50,37,32,58,58,36,44,-1,0,1,0,0,0,0,1
2014-07-08,55,50,37,32,58,58,44,-11,0,1,0,0,0,0,1
2014-07-15,22,55,50,37,32,58,45,-3,0,1,0,0,0,0,1
2014-07-22,47,22,55,50,37,32,45,-30,0,1,0,0,0,0,1
2014-07-29,15,47,22,55,50,37,45,2,0,1,0,0,0,0,1
2014-08-05,49,15,47,22,55,50,46,-4,0,1,0,0,0,0,1
2014-08-12,32,49,15,47,22,55,45,12,0,1,0,0,0,0,1
2014-08-19,26,32,49,15,47,22,46,5,0,1,0,0,0,0,1
2014-08-26,63,26,32,49,15,47,46,-5,0,1,0,0,0,0,1
2014-09-02,59,63,26,32,49,15,47,-4,0,1,0,0,0,0,1
2014-09-09,41,59,63,26,32,49,47,0,0,1,0,0,0,0,1
2014-09-16,51,41,59,63,26,32,47,7,0,1,0,0,0,0,1
2014-09-23,48,51,41,59,63,26,48,-13,0,1,0,0,0,0,1
2014-09-30,34,48,51,41,59,63,48,0,0,1,0,0,0,0,1
2014-10-07,18,34,48,51,41,59,49,-3,0,1,0,0,0,0,1
2014-10-14,59,18,34,48,51,41,49,9,0,1,0,0,0,0,1
2014-10-21,37,59,18,34,48,51,49,7,0,1,0,0,0,0,1
2014-10-28,51,37,59,18,34,48,49,1,0,1,0,0,0,0,1
2014-11-04,53,51,37,59,18,34,49,10,0,1,0,0,0,0,1
2014-11-11,50,53,51,37,59,18,49,2,0,1,0,0,0,0,1
2014-11-18,34,50,53,51,37,59,50,17,0,1,0,0,0,0,1
2014-11-25,55,34,50,53,51,37,50,-21,0,1,0,0,0,0,1
2014-12-02,50,55,34,50,53,51,50,11,0,1,0,0,0,0,1
2014-12-09,71,50,55,34,50,53,50,-3,0,1,0,0,0,0,1
2014-12-16,54,71,50,55,34,50,50,-2,0,1,0,0,0,0,1
2014-12-23,63,54,71,50,55,34,50,-15,0,1,0,0,0,0,1
2014-12-30,25,63,54,71,50,55,51,5,0,1,0,0,0,0,1
2015-01-06,60,25,63,54,71,50,51,-35,0,1,0,0,0,0,1
2015-01-13,55,60,25,63,54,71,51,0,0,1,0,0,0,0,1
2015-01-20,47,55,60,25,63,54,52,6,0,1,0,0,0,0,1
2015-01-27,42,47,55,60,25,63,52,-9,0,1,0,0,0,0,1
2015-02-03,81,42,47,55,60,25,52,-12,0,1,0,0,0,0,1
2015-02-10,55,81,42,47,55,60,53,14,0,1,0,0,0,0,1
2015-02-17,69,55,81,42,47,55,54,6,0,1,0,0,0,0,1
2015-02-24,53,69,55,81,42,47,54,4,0,1,0,0,0,0,1
2015-03-03,32,53,69,55,81,42,55,4,0,1,0,0,0,0,1
2015-03-10,89,32,53,69,55,81,54,-8,0,1,0,0,0,0,1
2015-03-17,49,89,32,53,69,55,54,13,0,1,0,0,0,0,1
2015-03-24,72,49,89,32,53,69,54,4,0,1,0,0,0,0,1
2015-03-31,44,72,49,89,32,53,55,-5,0,1,0,0,0,0,1
2015-04-07,81,44,72,49,89,32,55,-1,0,1,0,0,0,0,1
2015-04-14,35,81,44,72,49,89,55,22,0,1,0,0,0,0,1
2015-04-21,73,35,81,44,72,49,56,-6,0,1,0,0,0,0,1
2015-04-28,49,73,35,81,44,72,56,9,0,1,0,0,0,0,1
2015-05-05,55,49,73,35,81,44,56,-10,0,1,0,0,0,0,1
2015-05-12,54,55,49,73,35,81,57,-4,0,1,0,0,0,0,1
2015-05-19,49,54,55,49,73,35,57,0,0,1,0,0,0,0,1
2015-05-26,42,49,54,55,49,73,57,21,0,1,0,0,0,0,1
2015-06-02,61,42,49,54,55,49,58,-13,0,1,0,0,0,0,1
2015-06-09,70,61,42,49,54,55,58,10,0,1,0,0,0,0,1
2015-06-16,68,70,61,42,49,54,58,14,0,1,0,0,0,0,1
2015-06-23,61,68,70,61,42,49,58,3,0,1,0,0,0,0,1
2015-06-30,58,61,68,70,61,42,58,-1,0,1,0,0,0,0,1
2015-07-07,77,58,61,68,70,61,59,-11,0,1,0,0,0,0,1
2015-07-14,59,77,58,61,68,70,59,-3,0,1,0,0,0,0,1
2015-07-21,23,59,77,58,61,68,59,-30,0,1,0,0,0,0,1
2015-07-28,68,23,59,77,58,61,59,2,0,1,0,0,0,0,1
2015-08-04,79,68,23,59,77,58,60,-4,0,1,0,0,0,0,1
2015-08-11,60,79,68,23,59,77,60,12,0,1,0,0,0,0,1
2015-08-18,66,60,79,68,23,59,60,5,0,1,0,0,0,0,1
2015-08-25,50,66,60,79,68,23,61,-5,0,1,0,0,0,0,1
2015-09-01,49,50,66,60,79,68,61,-4,0,1,0,0,0,0,1
2015-09-08,49,49,50,66,60,79,62,0,0,1,0,0,0,0,1
2015-09-15,45,49,49,50,66,60,62,7,0,1,0,0,0,0,1
2015-09-22,72,45,49,49,50,66,62,-13,0,1,0,0,0,0,1
2015-09-29,8,72,45,49,49,50,63,0,0,1,0,0,0,0,1
2015-10-06,92,8,72,45,49,49,63,-3,0,1,0,0,0,0,1
2015-10-13,68,92,8,72,45,49,64,9,0,1,0,0,0,0,1
2015-10-20,52,68,92,8,72,45,64,7,0,1,0,0,0,0,1
2015-10-27,59,52,68,92,8,72,65,1,0,1,0,0,0,0,1
2015-11-03,60,59,52,68,92,8,65,10,0,1,0,0,0,0,1
2015-11-10,72,60,59,52,68,92,65,2,0,1,0,0,0,0,1
2015-11-17,52,72,60,59,52,68,66,17,0,1,0,0,0,0,1
2015-11-24,74,52,72,60,59,52,67,-21,0,1,0,0,0,0,1
2015-12-01,73,74,52,72,60,59,68,11,0,1,0,0,0,0,1
2015-12-08,63,73,74,52,72,60,69,-3,0,1,0,0,0,0,1
2015-12-15,51,63,73,74,52,72,70,-2,0,1,0,0,0,0,1
2015-12-22,90,51,63,73,74,52,70,-15,0,1,0,0,0,0,1
2015-12-29,42,90,51,63,73,74,71,5,0,1,0,0,0,0,1
2016-01-05,61,42,90,51,63,73,71,-35,0,1,0,0,0,0,1
2016-01-12,79,61,42,90,51,63,71,0,0,1,0,0,0,0,1
2016-01-19,58,79,61,42,90,51,70,6,0,1,0,0,0,0,1
2016-01-26,59,58,79,61,42,90,71,-9,0,1,0,0,0,0,1
2016-02-02,72,59,58,79,61,42,72,-12,0,1,0,0,0,0,1
2016-02-09,113,72,59,58,79,61,73,14,0,1,0,0,0,0,1
2016-02-16,65,113,72,59,58,79,74,6,0,1,0,0,0,0,1
2016-02-23,90,65,113,72,59,58,75,4,0,1,0,0,0,0,1
2016-03-01,82,90,65,113,72,59,75,4,0,1,0,0,0,0,1
2016-03-08,70,82,90,65,113,72,76,-8,0,1,0,0,0,0,1
2016-03-15,94,70,82,90,65,113,77,13,0,1,0,0,0,0,1
2016-03-22,69,94,70,82,90,65,78,4,0,1,0,0,0,0,1
2016-03-29,73,69,94,70,82,90,79,-5,0,1,0,0,0,0,1
2016-04-05,103,73,69,94,70,82,80,-1,0,1,0,0,0,0,1
2016-04-12,76,103,73,69,94,70,82,22,0,1,0,0,0,0,1
2016-04-19,69,76,103,73,69,94,83,-6,0,1,0,0,0,0,1
2016-04-26,79,69,76,103,73,69,84,9,0,1,0,0,0,0,1
2016-05-03,65,79,69,76,103,73,85,-10,0,1,0,0,0,0,1
2016-05-10,89,65,79,69,76,103,87,-4,0,1,0,0,0,0,1
2016-05-17,150,89,65,79,69,76,88,0,0,1,0,0,0,0,1
2016-05-24,73,150,89,65,79,69,89,21,0,1,0,0,0,0,1
2016-05-31,102,73,150,89,65,79,89,-13,0,1,0,0,0,0,1
2016-06-07,105,102,73,150,89,65,90,10,0,1,0,0,0,0,1
2014-02-11,9,13,10,13,12,4,-15,0,0,1,0,0,1,0,0
2014-02-18,9,9,13,10,13,12,-15,13,0,1,0,0,1,0,0
2014-02-25,7,9,9,13,10,13,-14,-2,0,1,0,0,1,0,0
2014-03-04,6,7,9,9,13,10,-13,1,0,1,0,0,1,0,0
2014-03-11,20,6,7,9,9,13,-12,2,0,1,0,0,1,0,0
2014-03-18,11,20,6,7,9,9,-11,4,0,1,0,0,1,0,0
2014-03-25,10,11,20,6,7,9,-11,0,0,1,0,0,1,0,0
2014-04-01,14,10,11,20,6,7,-10,-8,0,1,0,0,1,0,0
2014-04-08,13,14,10,11,20,6,-9,-2,0,1,0,0,1,0,0
2014-04-15,15,13,14,10,11,20,-8,-2,0,1,0,0,1,0,0
2014-04-22,17,15,13,14,10,11,-7,-4,0,1,0,0,1,0,0
2014-04-29,8,17,15,13,14,10,-7,-5,0,1,0,0,1,0,0
2014-05-06,8,8,17,15,13,14,-6,-10,0,1,0,0,1,0,0
2014-05-13,20,8,8,17,15,13,-5,-12,0,1,0,0,1,0,0
2014-05-20,19,20,8,8,17,15,-4,-8,0,1,0,0,1,0,0
2014-05-27,13,19,20,8,8,17,-3,-4,0,1,0,0,1,0,0
2014-06-03,15,13,19,20,8,8,-3,-6,0,1,0,0,1,0,0
2014-06-10,17,15,13,19,20,8,-2,-4,0,1,0,0,1,0,0
2014-06-17,17,17,15,13,19,20,-1,-11,0,1,0,0,1,0,0
2014-06-24,9,17,17,15,13,19,0,19,0,1,0,0,1,0,0
2014-07-01,6,9,17,17,15,13,1,10,0,1,0,0,1,0,0
2014-07-08,8,6,9,17,17,15,1,-6,0,1,0,0,1,0,0
2014-07-15,7,8,6,9,17,17,2,5,0,1,0,0,1,0,0
2014-07-22,15,7,8,6,9,17,3,-5,0,1,0,0,1,0,0
2014-07-29,10,15,7,8,6,9,4,1,0,1,0,0,1,0,0
2014-08-05,1,10,15,7,8,6,4,11,0,1,0,0,1,0,0
2014-08-12,13,1,10,15,7,8,13,8,0,1,0,0,1,0,0
2014-08-19,13,13,1,10,15,7,14,1,0,1,0,0,1,0,0
2014-08-26,7,13,13,1,10,15,14,1,0,1,0,0,1,0,0
2014-09-02,12,7,13,13,1,10,14,3,0,1,0,0,1,0,0
2014-09-09,4,12,7,13,13,1,14,-4,0,1,0,0,1,0,0
2014-09-16,22,4,12,7,13,13,14,-4,0,1,0,0,1,0,0
2014-09-23,6,22,4,12,7,13,14,-13,0,1,0,0,1,0,0
2014-09-30,21,6,22,4,12,7,14,0,0,1,0,0,1,0,0
2014-10-07,13,21,6,22,4,12,13,-10,0,1,0,0,1,0,0
2014-10-14,6,13,21,6,22,4,14,7,0,1,0,0,1,0,0
2014-10-21,28,6,13,21,6,22,14,-5,0,1,0,0,1,0,0
2014-10-28,28,28,6,13,21,6,14,8,0,1,0,0,1,0,0
2014-11-04,22,28,28,6,13,21,14,16,0,1,0,0,1,0,0
2014-11-11,11,22,28,28,6,13,14,6,0,1,0,0,1,0,0
2014-11-18,29,11,22,28,28,6,14,-11,0,1,0,0,1,0,0
2014-11-25,24,29,11,22,28,28,13,13,0,1,0,0,1,0,0
2014-12-02,27,24,29,11,22,28,13,-2,0,1,0,0,1,0,0
2014-12-09,10,27,24,29,11,22,13,1,0,1,0,0,1,0,0
2014-12-16,30,10,27,24,29,11,13,-4,0,1,0,0,1,0,0
2014-12-23,14,30,10,27,24,29,14,8,0,1,0,0,1,0,0
2014-12-30,12,14,30,10,27,24,15,-2,0,1,0,0,1,0,0
2015-01-06,6,12,14,30,10,27,16,47,0,1,0,0,1,0,0
2015-01-13,1,6,12,14,30,10,18,-15,0,1,0,0,1,0,0
2015-01-20,7,1,6,12,14,30,19,-4,0,1,0,0,1,0,0
2015-01-27,20,7,1,6,12,14,20,-6,0,1,0,0,1,0,0
2015-02-03,11,20,7,1,6,12,20,-17,0,1,0,0,1,0,0
2015-02-10,21,11,20,7,1,6,22,0,0,1,0,0,1,0,0
2015-02-17,1,21,11,20,7,1,24,13,0,1,0,0,1,0,0
2015-02-24,9,1,21,11,20,7,25,-2,0,1,0,0,1,0,0
2015-03-03,15,9,1,21,11,20,26,1,0,1,0,0,1,0,0
2015-03-10,12,15,9,1,21,11,27,2,0,1,0,0,1,0,0
2015-03-17,12,12,15,9,1,21,28,4,0,1,0,0,1,0,0
2015-03-24,3,12,12,15,9,1,29,0,0,1,0,0,1,0,0
2015-03-31,17,3,12,12,15,9,30,-8,0,1,0,0,1,0,0
2015-04-07,16,17,3,12,12,15,31,-2,0,1,0,0,1,0,0
2015-04-14,14,16,17,3,12,12,32,-2,0,1,0,0,1,0,0
2015-04-21,17,14,16,17,3,12,33,-4,0,1,0,0,1,0,0
2015-04-28,8,17,14,16,17,3,35,-5,0,1,0,0,1,0,0
2015-05-05,9,8,17,14,16,17,36,-10,0,1,0,0,1,0,0
2015-05-12,13,9,8,17,14,16,37,-12,0,1,0,0,1,0,0
2015-05-19,17,13,9,8,17,14,38,-8,0,1,0,0,1,0,0
2015-05-26,7,17,13,9,8,17,39,-4,0,1,0,0,1,0,0
2015-06-02,9,7,17,13,9,8,40,-6,0,1,0,0,1,0,0
2015-06-09,23,9,7,17,13,9,41,-4,0,1,0,0,1,0,0
2015-06-16,96,23,9,7,17,13,42,-11,0,1,0,0,1,0,0
2015-06-23,71,96,23,9,7,17,43,19,0,1,0,0,1,0,0
2015-06-30,47,71,96,23,9,7,45,10,0,1,0,0,1,0,0
2015-07-07,84,47,71,96,23,9,46,-6,0,1,0,0,1,0,0
2015-07-14,67,84,47,71,96,23,47,5,0,1,0,0,1,0,0
2015-07-21,28,67,84,47,71,96,48,-5,0,1,0,0,1,0,0
2015-07-28,91,28,67,84,47,71,50,1,0,1,0,0,1,0,0
2015-08-04,96,91,28,67,84,47,51,11,0,1,0,0,1,0,0
2015-08-11,73,96,91,28,67,84,51,8,0,1,0,0,1,0,0
2015-08-18,78,73,96,91,28,67,52,1,0,1,0,0,1,0,0
2015-08-25,69,78,73,96,91,28,54,1,0,1,0,0,1,0,0
2015-09-01,71,69,78,73,96,91,55,3,0,1,0,0,1,0,0
2015-09-08,68,71,69,78,73,96,56,-4,0,1,0,0,1,0,0
2015-09-15,56,68,71,69,78,73,57,-4,0,1,0,0,1,0,0
2015-09-22,79,56,68,71,69,78,58,-13,0,1,0,0,1,0,0
2015-09-29,23,79,56,68,71,69,59,0,0,1,0,0,1,0,0
2015-10-06,87,23,79,56,68,71,60,-10,0,1,0,0,1,0,0
2015-10-13,88,87,23,79,56,68,61,7,0,1,0,0,1,0,0
2015-10-20,79,88,87,23,79,56,62,-5,0,1,0,0,1,0,0
2015-10-27,100,79,88,87,23,79,62,8,0,1,0,0,1,0,0
2015-11-03,78,100,79,88,87,23,63,16,0,1,0,0,1,0,0
2015-11-10,54,78,100,79,88,87,64,6,0,1,0,0,1,0,0
2015-11-17,88,54,78,100,79,88,64,-11,0,1,0,0,1,0,0
2015-11-24,64,88,54,78,100,79,65,13,0,1,0,0,1,0,0
2015-12-01,73,64,88,54,78,100,66,-2,0,1,0,0,1,0,0
2015-12-08,90,73,64,88,54,78,67,1,0,1,0,0,1,0,0
2015-12-15,93,90,73,64,88,54,68,-4,0,1,0,0,1,0,0
2015-12-22,89,93,90,73,64,88,68,8,0,1,0,0,1,0,0
2015-12-29,82,89,93,90,73,64,67,-2,0,1,0,0,1,0,0
2016-01-05,52,82,89,93,90,73,67,47,0,1,0,0,1,0,0
2016-01-12,81,52,82,89,93,90,67,-15,0,1,0,0,1,0,0
2016-01-19,71,81,52,82,89,93,66,-4,0,1,0,0,1,0,0
2016-01-26,38,71,81,52,82,89,67,-6,0,1,0,0,1,0,0
2016-02-02,55,38,71,81,52,82,67,-17,0,1,0,0,1,0,0
2016-02-09,91,55,38,71,81,52,66,0,0,1,0,0,1,0,0
2016-02-16,66,91,55,38,71,81,66,13,0,1,0,0,1,0,0
2016-02-23,70,66,91,55,38,71,66,-2,0,1,0,0,1,0,0
2016-03-01,70,70,66,91,55,38,65,1,0,1,0,0,1,0,0
2016-03-08,67,70,70,66,91,55,65,2,0,1,0,0,1,0,0
2016-03-15,66,67,70,70,66,91,65,4,0,1,0,0,1,0,0
2016-03-22,55,66,67,70,70,66,65,0,0,1,0,0,1,0,0
2016-03-29,57,55,66,67,70,70,65,-8,0,1,0,0,1,0,0
2016-04-05,59,57,55,66,67,70,65,-2,0,1,0,0,1,0,0
2016-04-12,56,59,57,55,66,67,65,-2,0,1,0,0,1,0,0
2016-04-19,48,56,59,57,55,66,65,-4,0,1,0,0,1,0,0
2016-04-26,54,48,56,59,57,55,64,-5,0,1,0,0,1,0,0
2016-05-03,49,54,48,56,59,57,64,-10,0,1,0,0,1,0,0
2016-05-10,46,49,54,48,56,59,64,-12,0,1,0,0,1,0,0
2016-05-17,57,46,49,54,48,56,64,-8,0,1,0,0,1,0,0
2016-05-24,68,57,46,49,54,48,64,-4,0,1,0,0,1,0,0
2016-05-31,72,68,57,46,49,54,64,-6,0,1,0,0,1,0,0
2016-06-07,37,72,68,57,46,49,64,-4,0,1,0,0,1,0,0
2014-03-11,33,31,45,46,48,39,39,-15,0,1,0,0,0,1,0
2014-03-18,51,33,31,45,46,48,39,-20,0,1,0,0,0,1,0
2014-03-25,47,51,33,31,45,46,39,4,0,1,0,0,0,1,0
2014-04-01,58,47,51,33,31,45,39,7,0,1,0,0,0,1,0
2014-04-08,44,58,47,51,33,31,39,0,0,1,0,0,0,1,0
2014-04-15,52,44,58,47,51,33,39,7,0,1,0,0,0,1,0
2014-04-22,60,52,44,58,47,51,40,17,0,1,0,0,0,1,0
2014-04-29,61,60,52,44,58,47,40,9,0,1,0,0,0,1,0
2014-05-06,42,61,60,52,44,58,40,8,0,1,0,0,0,1,0
2014-05-13,48,42,61,60,52,44,40,13,0,1,0,0,0,1,0
2014-05-20,60,48,42,61,60,52,40,4,0,1,0,0,0,1,0
2014-05-27,51,60,48,42,61,60,40,13,0,1,0,0,0,1,0
2014-06-03,61,51,60,48,42,61,40,13,0,1,0,0,0,1,0
2014-06-10,56,61,51,60,48,42,40,13,0,1,0,0,0,1,0
2014-06-17,62,56,61,51,60,48,41,17,0,1,0,0,0,1,0
2014-06-24,61,62,56,61,51,60,41,4,0,1,0,0,0,1,0
2014-07-01,36,61,62,56,61,51,41,3,0,1,0,0,0,1,0
2014-07-08,50,36,61,62,56,61,41,-4,0,1,0,0,0,1,0
2014-07-15,26,50,36,61,62,56,41,-12,0,1,0,0,0,1,0
2014-07-22,40,26,50,36,61,62,41,-28,0,1,0,0,0,1,0
2014-07-29,18,40,26,50,36,61,41,8,0,1,0,0,0,1,0
2014-08-05,51,18,40,26,50,36,42,13,0,1,0,0,0,1,0
2014-08-12,38,51,18,40,26,50,42,12,0,1,0,0,0,1,0
2014-08-19,41,38,51,18,40,26,42,1,0,1,0,0,0,1,0
2014-08-26,48,41,38,51,18,40,42,4,0,1,0,0,0,1,0
2014-09-02,32,48,41,38,51,18,42,8,0,1,0,0,0,1,0
2014-09-09,51,32,48,41,38,51,44,-2,0,1,0,0,0,1,0
2014-09-16,36,51,32,48,41,38,44,1,0,1,0,0,0,1,0
2014-09-23,36,36,51,32,48,41,44,-15,0,1,0,0,0,1,0
2014-09-30,42,36,36,51,32,48,44,-8,0,1,0,0,0,1,0
2014-10-07,23,42,36,36,51,32,44,-11,0,1,0,0,0,1,0
2014-10-14,60,23,42,36,36,51,44,1,0,1,0,0,0,1,0
2014-10-21,47,60,23,42,36,36,45,12,0,1,0,0,0,1,0
2014-10-28,37,47,60,23,42,36,44,8,0,1,0,0,0,1,0
2014-11-04,50,37,47,60,23,42,44,7,0,1,0,0,0,1,0
2014-11-11,50,50,37,47,60,23,44,-1,0,1,0,0,0,1,0
2014-11-18,87,50,50,37,47,60,44,5,0,1,0,0,0,1,0
2014-11-25,43,87,50,50,37,47,44,13,0,1,0,0,0,1,0
2014-12-02,53,43,87,50,50,37,44,-9,0,1,0,0,0,1,0
2014-12-09,28,53,43,87,50,50,44,3,0,1,0,0,0,1,0
2014-12-16,44,28,53,43,87,50,44,-10,0,1,0,0,0,1,0
2014-12-23,28,44,28,53,43,87,44,-3,0,1,0,0,0,1,0
2014-12-30,44,28,44,28,53,43,44,-10,0,1,0,0,0,1,0
2015-01-06,10,44,28,44,28,53,44,-7,0,1,0,0,0,1,0
2015-01-13,38,10,44,28,44,28,44,-19,0,1,0,0,0,1,0
2015-01-20,29,38,10,44,28,44,43,-7,0,1,0,0,0,1,0
2015-01-27,48,29,38,10,44,28,43,-3,0,1,0,0,0,1,0
2015-02-03,40,48,29,38,10,44,43,10,0,1,0,0,0,1,0
2015-02-10,36,40,48,29,38,10,44,1,0,1,0,0,0,1,0
2015-02-17,34,36,40,48,29,38,44,-15,0,1,0,0,0,1,0
2015-02-24,48,34,36,40,48,29,44,-22,0,1,0,0,0,1,0
2015-03-03,44,48,34,36,40,48,44,-18,0,1,0,0,0,1,0
2015-03-10,16,44,48,34,36,40,44,-15,0,1,0,0,0,1,0
2015-03-17,66,16,44,48,34,36,44,-20,0,1,0,0,0,1,0
2015-03-24,51,66,16,44,48,34,45,4,0,1,0,0,0,1,0
2015-03-31,30,51,66,16,44,48,45,7,0,1,0,0,0,1,0
2015-04-07,65,30,51,66,16,44,45,0,0,1,0,0,0,1,0
2015-04-14,67,65,30,51,66,16,45,7,0,1,0,0,0,1,0
2015-04-21,38,67,65,30,51,66,46,17,0,1,0,0,0,1,0
2015-04-28,35,38,67,65,30,51,46,9,0,1,0,0,0,1,0
2015-05-05,65,35,38,67,65,30,46,8,0,1,0,0,0,1,0
2015-05-12,54,65,35,38,67,65,47,13,0,1,0,0,0,1,0
2015-05-19,44,54,65,35,38,67,47,4,0,1,0,0,0,1,0
2015-05-26,47,44,54,65,35,38,47,13,0,1,0,0,0,1,0
2015-06-02,50,47,44,54,65,35,47,13,0,1,0,0,0,1,0
2015-06-09,64,50,47,44,54,65,47,13,0,1,0,0,0,1,0
2015-06-16,74,64,50,47,44,54,47,17,0,1,0,0,0,1,0
2015-06-23,39,74,64,50,47,44,48,4,0,1,0,0,0,1,0
2015-06-30,40,39,74,64,50,47,48,3,0,1,0,0,0,1,0
2015-07-07,29,40,39,74,64,50,49,-4,0,1,0,0,0,1,0
2015-07-14,11,29,40,39,74,64,49,-12,0,1,0,0,0,1,0
2015-07-21,24,11,29,40,39,74,50,-28,0,1,0,0,0,1,0
2015-07-28,68,24,11,29,40,39,50,8,0,1,0,0,0,1,0
2015-08-04,58,68,24,11,29,40,51,13,0,1,0,0,0,1,0
2015-08-11,37,58,68,24,11,29,51,12,0,1,0,0,0,1,0
2015-08-18,60,37,58,68,24,11,51,1,0,1,0,0,0,1,0
2015-08-25,41,60,37,58,68,24,51,4,0,1,0,0,0,1,0
2015-09-01,47,41,60,37,58,68,51,8,0,1,0,0,0,1,0
2015-09-08,56,47,41,60,37,58,50,-2,0,1,0,0,0,1,0
2015-09-15,51,56,47,41,60,37,50,1,0,1,0,0,0,1,0
2015-09-22,62,51,56,47,41,60,50,-15,0,1,0,0,0,1,0
2015-09-29,22,62,51,56,47,41,50,-8,0,1,0,0,0,1,0
2015-10-06,63,22,62,51,56,47,50,-11,0,1,0,0,0,1,0
2015-10-13,53,63,22,62,51,56,50,1,0,1,0,0,0,1,0
2015-10-20,67,53,63,22,62,51,50,12,0,1,0,0,0,1,0
2015-10-27,74,67,53,63,22,62,51,8,0,1,0,0,0,1,0
2015-11-03,64,74,67,53,63,22,52,7,0,1,0,0,0,1,0
2015-11-10,68,64,74,67,53,63,52,-1,0,1,0,0,0,1,0
2015-11-17,54,68,64,74,67,53,52,5,0,1,0,0,0,1,0
2015-11-24,53,54,68,64,74,67,53,13,0,1,0,0,0,1,0
2015-12-01,60,53,54,68,64,74,53,-9,0,1,0,0,0,1,0
2015-12-08,67,60,53,54,68,64,54,3,0,1,0,0,0,1,0
2015-12-15,74,67,60,53,54,68,54,-10,0,1,0,0,0,1,0
2015-12-22,55,74,67,60,53,54,54,-3,0,1,0,0,0,1,0
2015-12-29,52,55,74,67,60,53,54,-10,0,1,0,0,0,1,0
2016-01-05,49,52,55,74,67,60,54,-7,0,1,0,0,0,1,0
2016-01-12,45,49,52,55,74,67,54,-19,0,1,0,0,0,1,0
2016-01-19,62,45,49,52,55,74,55,-7,0,1,0,0,0,1,0
2016-01-26,71,62,45,49,52,55,56,-3,0,1,0,0,0,1,0
2016-02-02,63,71,62,45,49,52,57,10,0,1,0,0,0,1,0
2016-02-09,36,63,71,62,45,49,57,1,0,1,0,0,0,1,0
2016-02-16,23,36,63,71,62,45,58,-15,0,1,0,0,0,1,0
2016-02-23,19,23,36,63,71,62,59,-22,0,1,0,0,0,1,0
2016-03-01,22,19,23,36,63,71,59,-18,0,1,0,0,0,1,0
2016-03-08,32,22,19,23,36,63,60,-15,0,1,0,0,0,1,0
2016-03-15,38,32,22,19,23,36,60,-20,0,1,0,0,0,1,0
2016-03-22,64,38,32,22,19,23,60,4,0,1,0,0,0,1,0
2016-03-29,54,64,38,32,22,19,59,7,0,1,0,0,0,1,0
2016-04-05,54,54,64,38,32,22,60,0,0,1,0,0,0,1,0
2016-04-12,76,54,54,64,38,32,60,7,0,1,0,0,0,1,0
2016-04-19,74,76,54,54,64,38,60,17,0,1,0,0,0,1,0
2016-04-26,74,74,76,54,54,64,61,9,0,1,0,0,0,1,0
2016-05-03,79,74,74,76,54,54,61,8,0,1,0,0,0,1,0
2016-05-10,57,79,74,74,76,54,61,13,0,1,0,0,0,1,0
2016-05-17,80,57,79,74,74,76,60,4,0,1,0,0,0,1,0
2016-05-24,88,80,57,79,74,74,60,13,0,1,0,0,0,1,0
2016-05-31,75,88,80,57,79,74,60,13,0,1,0,0,0,1,0
2016-06-07,78,75,88,80,57,79,60,13,0,1,0,0,0,1,0
2014-02-11,62,67,51,69,21,45,71,19,0,0,1,0,0,0,1
2014-02-18,106,62,67,51,69,21,71,9,0,0,1,0,0,0,1
2014-02-25,60,106,62,67,51,69,71,37,0,0,1,0,0,0,1
2014-03-04,49,60,106,62,67,51,70,8,0,0,1,0,0,0,1
2014-03-11,82,49,60,106,62,67,70,21,0,0,1,0,0,0,1
2014-03-18,106,82,49,60,106,62,70,15,0,0,1,0,0,0,1
2014-03-25,61,106,82,49,60,106,70,21,0,0,1,0,0,0,1
2014-04-01,89,61,106,82,49,60,70,5,0,0,1,0,0,0,1
2014-04-08,80,89,61,106,82,49,70,10,0,0,1,0,0,0,1
2014-04-15,68,80,89,61,106,82,70,-1,0,0,1,0,0,0,1
2014-04-22,70,68,80,89,61,106,70,8,0,0,1,0,0,0,1
2014-04-29,58,70,68,80,89,61,70,11,0,0,1,0,0,0,1
2014-05-06,65,58,70,68,80,89,70,-5,0,0,1,0,0,0,1
2014-05-13,114,65,58,70,68,80,70,3,0,0,1,0,0,0,1
2014-05-20,94,114,65,58,70,68,70,17,0,0,1,0,0,0,1
2014-05-27,103,94,114,65,58,70,70,10,0,0,1,0,0,0,1
2014-06-03,95,103,94,114,65,58,70,19,0,0,1,0,0,0,1
2014-06-10,114,95,103,94,114,65,70,5,0,0,1,0,0,0,1
2014-06-17,67,114,95,103,94,114,69,21,0,0,1,0,0,0,1
2014-06-24,51,67,114,95,103,94,69,2,0,0,1,0,0,0,1
2014-07-01,58,51,67,114,95,103,69,-3,0,0,1,0,0,0,1
2014-07-08,86,58,51,67,114,95,69,-12,0,0,1,0,0,0,1
2014-07-15,50,86,58,51,67,114,69,-9,0,0,1,0,0,0,1
2014-07-22,44,50,86,58,51,67,69,-32,0,0,1,0,0,0,1
2014-07-29,38,44,50,86,58,51,69,-25,0,0,1,0,0,0,1
2014-08-05,39,38,44,50,86,58,69,-32,0,0,1,0,0,0,1
2014-08-12,39,39,38,44,50,86,69,-21,0,0,1,0,0,0,1
2014-08-19,60,39,39,38,44,50,69,-27,0,0,1,0,0,0,1
2014-08-26,68,60,39,39,38,44,69,-11,0,0,1,0,0,0,1
2014-09-02,78,68,60,39,39,38,69,-22,0,0,1,0,0,0,1
2014-09-09,61,78,68,60,39,39,70,-14,0,0,1,0,0,0,1
2014-09-16,62,61,78,68,60,39,70,-8,0,0,1,0,0,0,1
2014-09-23,51,62,61,78,68,60,70,-23,0,0,1,0,0,0,1
2014-09-30,52,51,62,61,78,68,70,-12,0,0,1,0,0,0,1
2014-10-07,16,52,51,62,61,78,70,-19,0,0,1,0,0,0,1
2014-10-14,63,16,52,51,62,61,69,-16,0,0,1,0,0,0,1
2014-10-21,64,63,16,52,51,62,69,2,0,0,1,0,0,0,1
2014-10-28,75,64,63,16,52,51,69,4,0,0,1,0,0,0,1
2014-11-04,50,75,64,63,16,52,69,5,0,0,1,0,0,0,1
2014-11-11,73,50,75,64,63,16,69,-3,0,0,1,0,0,0,1
2014-11-18,88,73,50,75,64,63,69,12,0,0,1,0,0,0,1
2014-11-25,51,88,73,50,75,64,68,4,0,0,1,0,0,0,1
2014-12-02,67,51,88,73,50,75,67,-3,0,0,1,0,0,0,1
2014-12-09,68,67,51,88,73,50,67,4,0,0,1,0,0,0,1
2014-12-16,74,68,67,51,88,73,66,10,0,0,1,0,0,0,1
2014-12-23,56,74,68,67,51,88,66,20,0,0,1,0,0,0,1
2014-12-30,64,56,74,68,67,51,67,-4,0,0,1,0,0,0,1
2015-01-06,64,64,56,74,68,67,67,-11,0,0,1,0,0,0,1
2015-01-13,64,64,64,56,74,68,67,-14,0,0,1,0,0,0,1
2015-01-20,85,64,64,64,56,74,66,-7,0,0,1,0,0,0,1
2015-01-27,95,85,64,64,64,56,66,15,0,0,1,0,0,0,1
2015-02-03,102,95,85,64,64,64,66,16,0,0,1,0,0,0,1
2015-02-10,63,102,95,85,64,64,66,19,0,0,1,0,0,0,1
2015-02-17,88,63,102,95,85,64,66,9,0,0,1,0,0,0,1
2015-02-24,73,88,63,102,95,85,66,37,0,0,1,0,0,0,1
2015-03-03,107,73,88,63,102,95,66,8,0,0,1,0,0,0,1
2015-03-10,93,107,73,88,63,102,65,21,0,0,1,0,0,0,1
2015-03-17,73,93,107,73,88,63,65,15,0,0,1,0,0,0,1
2015-03-24,72,73,93,107,73,88,65,21,0,0,1,0,0,0,1
2015-03-31,66,72,73,93,107,73,65,5,0,0,1,0,0,0,1
2015-04-07,57,66,72,73,93,107,65,10,0,0,1,0,0,0,1
2015-04-14,71,57,66,72,73,93,66,-1,0,0,1,0,0,0,1
2015-04-21,77,71,57,66,72,73,66,8,0,0,1,0,0,0,1
2015-04-28,56,77,71,57,66,72,66,11,0,0,1,0,0,0,1
2015-05-05,60,56,77,71,57,66,66,-5,0,0,1,0,0,0,1
2015-05-12,60,60,56,77,71,57,66,3,0,0,1,0,0,0,1
2015-05-19,60,60,60,56,77,71,67,17,0,0,1,0,0,0,1
2015-05-26,77,60,60,60,56,77,67,10,0,0,1,0,0,0,1
2015-06-02,71,77,60,60,60,56,67,19,0,0,1,0,0,0,1
2015-06-09,94,71,77,60,60,60,67,5,0,0,1,0,0,0,1
2015-06-16,80,94,71,77,60,60,67,21,0,0,1,0,0,0,1
2015-06-23,78,80,94,71,77,60,67,2,0,0,1,0,0,0,1
2015-06-30,56,78,80,94,71,77,67,-3,0,0,1,0,0,0,1
2015-07-07,55,56,78,80,94,71,67,-12,0,0,1,0,0,0,1
2015-07-14,30,55,56,78,80,94,67,-9,0,0,1,0,0,0,1
2015-07-21,38,30,55,56,78,80,67,-32,0,0,1,0,0,0,1
2015-07-28,34,38,30,55,56,78,67,-25,0,0,1,0,0,0,1
2015-08-04,44,34,38,30,55,56,67,-32,0,0,1,0,0,0,1
2015-08-11,46,44,34,38,30,55,66,-21,0,0,1,0,0,0,1
2015-08-18,65,46,44,34,38,30,67,-27,0,0,1,0,0,0,1
2015-08-25,39,65,46,44,34,38,68,-11,0,0,1,0,0,0,1
2015-09-01,46,39,65,46,44,34,68,-22,0,0,1,0,0,0,1
2015-09-08,73,46,39,65,46,44,68,-14,0,0,1,0,0,0,1
2015-09-15,60,73,46,39,65,46,68,-8,0,0,1,0,0,0,1
2015-09-22,70,60,73,46,39,65,68,-23,0,0,1,0,0,0,1
2015-09-29,47,70,60,73,46,39,69,-12,0,0,1,0,0,0,1
2015-10-06,64,47,70,60,73,46,69,-19,0,0,1,0,0,0,1
2015-10-13,68,64,47,70,60,73,69,-16,0,0,1,0,0,0,1
2015-10-20,66,68,64,47,70,60,70,2,0,0,1,0,0,0,1
2015-10-27,64,66,68,64,47,70,70,4,0,0,1,0,0,0,1
2015-11-03,82,64,66,68,64,47,70,5,0,0,1,0,0,0,1
2015-11-10,88,82,64,66,68,64,71,-3,0,0,1,0,0,0,1
2015-11-17,64,88,82,64,66,68,71,12,0,0,1,0,0,0,1
2015-11-24,69,64,88,82,64,66,72,4,0,0,1,0,0,0,1
2015-12-01,63,69,64,88,82,64,72,-3,0,0,1,0,0,0,1
2015-12-08,89,63,69,64,88,82,72,4,0,0,1,0,0,0,1
2015-12-15,71,89,63,69,64,88,72,10,0,0,1,0,0,0,1
2015-12-22,66,71,89,63,69,64,71,20,0,0,1,0,0,0,1
2015-12-29,60,66,71,89,63,69,71,-4,0,0,1,0,0,0,1
2016-01-05,46,60,66,71,89,63,71,-11,0,0,1,0,0,0,1
2016-01-12,58,46,60,66,71,89,71,-14,0,0,1,0,0,0,1
2016-01-19,82,58,46,60,66,71,71,-7,0,0,1,0,0,0,1
2016-01-26,73,82,58,46,60,66,71,15,0,0,1,0,0,0,1
2016-02-02,97,73,82,58,46,60,71,16,0,0,1,0,0,0,1
2016-02-09,110,97,73,82,58,46,72,19,0,0,1,0,0,0,1
2016-02-16,125,110,97,73,82,58,72,9,0,0,1,0,0,0,1
2016-02-23,98,125,110,97,73,82,72,37,0,0,1,0,0,0,1
2016-03-01,115,98,125,110,97,73,72,8,0,0,1,0,0,0,1
2016-03-08,77,115,98,125,110,97,72,21,0,0,1,0,0,0,1
2016-03-15,90,77,115,98,125,110,71,15,0,0,1,0,0,0,1
2016-03-22,86,90,77,115,98,125,71,21,0,0,1,0,0,0,1
2016-03-29,81,86,90,77,115,98,70,5,0,0,1,0,0,0,1
2016-04-05,67,81,86,90,77,115,70,10,0,0,1,0,0,0,1
2016-04-12,91,67,81,86,90,77,71,-1,0,0,1,0,0,0,1
2016-04-19,95,91,67,81,86,90,71,8,0,0,1,0,0,0,1
2016-04-26,78,95,91,67,81,86,72,11,0,0,1,0,0,0,1
2016-05-03,93,78,95,91,67,81,72,-5,0,0,1,0,0,0,1
2016-05-10,85,93,78,95,91,67,72,3,0,0,1,0,0,0,1
2016-05-17,84,85,93,78,95,91,72,17,0,0,1,0,0,0,1
2016-05-24,86,84,85,93,78,95,72,10,0,0,1,0,0,0,1
2016-05-31,59,86,84,85,93,78,73,19,0,0,1,0,0,0,1
2016-06-07,64,59,86,84,85,93,73,5,0,0,1,0,0,0,1
2014-02-11,12,10,6,6,8,12,-30,-8,0,0,1,0,1,0,0
2014-02-18,5,12,10,6,6,8,-29,5,0,0,1,0,1,0,0
2014-02-25,19,5,12,10,6,6,-28,1,0,0,1,0,1,0,0
2014-03-04,9,19,5,12,10,6,-27,-1,0,0,1,0,1,0,0
2014-03-11,8,9,19,5,12,10,-26,1,0,0,1,0,1,0,0
2014-03-18,29,8,9,19,5,12,-25,5,0,0,1,0,1,0,0
2014-03-25,9,29,8,9,19,5,-24,2,0,0,1,0,1,0,0
2014-04-01,7,9,29,8,9,19,-23,-13,0,0,1,0,1,0,0
2014-04-08,3,7,9,29,8,9,-21,-11,0,0,1,0,1,0,0
2014-04-15,4,3,7,9,29,8,-20,-12,0,0,1,0,1,0,0
2014-04-22,12,4,3,7,9,29,-19,-13,0,0,1,0,1,0,0
2014-04-29,4,12,4,3,7,9,-18,-10,0,0,1,0,1,0,0
2014-05-06,7,4,12,4,3,7,-17,-18,0,0,1,0,1,0,0
2014-05-13,3,7,4,12,4,3,-16,-14,0,0,1,0,1,0,0
2014-05-20,8,3,7,4,12,4,-15,-20,0,0,1,0,1,0,0
2014-05-27,10,8,3,7,4,12,-14,-14,0,0,1,0,1,0,0
2014-06-03,11,10,8,3,7,4,-13,-15,0,0,1,0,1,0,0
2014-06-10,12,11,10,8,3,7,-12,-17,0,0,1,0,1,0,0
2014-06-17,10,12,11,10,8,3,-11,-12,0,0,1,0,1,0,0
2014-06-24,4,10,12,11,10,8,-10,19,0,0,1,0,1,0,0
2014-07-01,7,4,10,12,11,10,-8,4,0,0,1,0,1,0,0
2014-07-08,7,7,4,10,12,11,-7,8,0,0,1,0,1,0,0
2014-07-15,3,7,7,4,10,12,-6,-1,0,0,1,0,1,0,0
2014-07-22,12,3,7,7,4,10,-5,-13,0,0,1,0,1,0,0
2014-07-29,7,12,3,7,7,4,-4,-3,0,0,1,0,1,0,0
2014-08-05,9,7,12,3,7,7,-3,17,0,0,1,0,1,0,0
2014-08-12,2,9,7,12,3,7,9,1,0,0,1,0,1,0,0
2014-08-19,14,2,9,7,12,3,9,-12,0,0,1,0,1,0,0
2014-08-26,8,14,2,9,7,12,9,-3,0,0,1,0,1,0,0
2014-09-02,2,8,14,2,9,7,9,-6,0,0,1,0,1,0,0
2014-09-09,7,2,8,14,2,9,9,-8,0,0,1,0,1,0,0
2014-09-16,18,7,2,8,14,2,9,-6,0,0,1,0,1,0,0
2014-09-23,20,18,7,2,8,14,9,-12,0,0,1,0,1,0,0
2014-09-30,1,20,18,7,2,8,9,6,0,0,1,0,1,0,0
2014-10-07,3,1,20,18,7,2,9,-22,0,0,1,0,1,0,0
2014-10-14,11,3,1,20,18,7,9,4,0,0,1,0,1,0,0
2014-10-21,13,11,3,1,20,18,10,15,0,0,1,0,1,0,0
2014-10-28,14,13,11,3,1,20,10,20,0,0,1,0,1,0,0
2014-11-04,4,14,13,11,3,1,10,18,0,0,1,0,1,0,0
2014-11-11,10,4,14,13,11,3,10,21,0,0,1,0,1,0,0
2014-11-18,24,10,4,14,13,11,10,18,0,0,1,0,1,0,0
2014-11-25,12,24,10,4,14,13,10,20,0,0,1,0,1,0,0
2014-12-02,5,12,24,10,4,14,10,22,0,0,1,0,1,0,0
2014-12-09,20,5,12,24,10,4,9,2,0,0,1,0,1,0,0
2014-12-16,9,20,5,12,24,10,9,0,0,0,1,0,1,0,0
2014-12-23,7,9,20,5,12,24,10,16,0,0,1,0,1,0,0
2014-12-30,13,7,9,20,5,12,12,11,0,0,1,0,1,0,0
2015-01-06,7,13,7,9,20,5,14,79,0,0,1,0,1,0,0
2015-01-13,1,7,13,7,9,20,15,-21,0,0,1,0,1,0,0
2015-01-20,2,1,7,13,7,9,17,0,0,0,1,0,1,0,0
2015-01-27,24,2,1,7,13,7,18,-13,0,0,1,0,1,0,0
2015-02-03,2,24,2,1,7,13,19,-17,0,0,1,0,1,0,0
2015-02-10,12,2,24,2,1,7,21,-8,0,0,1,0,1,0,0
2015-02-17,2,12,2,24,2,1,23,5,0,0,1,0,1,0,0
2015-02-24,14,2,12,2,24,2,24,1,0,0,1,0,1,0,0
2015-03-03,19,14,2,12,2,24,26,-1,0,0,1,0,1,0,0
2015-03-10,17,19,14,2,12,2,27,1,0,0,1,0,1,0,0
2015-03-17,20,17,19,14,2,12,28,5,0,0,1,0,1,0,0
2015-03-24,3,20,17,19,14,2,30,2,0,0,1,0,1,0,0
2015-03-31,16,3,20,17,19,14,31,-13,0,0,1,0,1,0,0
2015-04-07,15,16,3,20,17,19,32,-11,0,0,1,0,1,0,0
2015-04-14,5,15,16,3,20,17,33,-12,0,0,1,0,1,0,0
2015-04-21,14,5,15,16,3,20,35,-13,0,0,1,0,1,0,0
2015-04-28,5,14,5,15,16,3,37,-10,0,0,1,0,1,0,0
2015-05-05,5,5,14,5,15,16,39,-18,0,0,1,0,1,0,0
2015-05-12,1,5,5,14,5,15,41,-14,0,0,1,0,1,0,0
2015-05-19,4,1,5,5,14,5,43,-20,0,0,1,0,1,0,0
2015-05-26,8,4,1,5,5,14,45,-14,0,0,1,0,1,0,0
2015-06-02,12,8,4,1,5,5,46,-15,0,0,1,0,1,0,0
2015-06-09,6,12,8,4,1,5,48,-17,0,0,1,0,1,0,0
2015-06-16,111,6,12,8,4,1,49,-12,0,0,1,0,1,0,0
2015-06-23,86,111,6,12,8,4,51,19,0,0,1,0,1,0,0
2015-06-30,88,86,111,6,12,8,53,4,0,0,1,0,1,0,0
2015-07-07,89,88,86,111,6,12,54,8,0,0,1,0,1,0,0
2015-07-14,81,89,88,86,111,6,55,-1,0,0,1,0,1,0,0
2015-07-21,39,81,89,88,86,111,57,-13,0,0,1,0,1,0,0
2015-07-28,118,39,81,89,88,86,59,-3,0,0,1,0,1,0,0
2015-08-04,100,118,39,81,89,88,60,17,0,0,1,0,1,0,0
2015-08-11,94,100,118,39,81,89,61,1,0,0,1,0,1,0,0
2015-08-18,79,94,100,118,39,81,62,-12,0,0,1,0,1,0,0
2015-08-25,81,79,94,100,118,39,64,-3,0,0,1,0,1,0,0
2015-09-01,69,81,79,94,100,118,65,-6,0,0,1,0,1,0,0
2015-09-08,81,69,81,79,94,100,66,-8,0,0,1,0,1,0,0
2015-09-15,80,81,69,81,79,94,67,-6,0,0,1,0,1,0,0
2015-09-22,97,80,81,69,81,79,69,-12,0,0,1,0,1,0,0
2015-09-29,36,97,80,81,69,81,70,6,0,0,1,0,1,0,0
2015-10-06,89,36,97,80,81,69,70,-22,0,0,1,0,1,0,0
2015-10-13,110,89,36,97,80,81,71,4,0,0,1,0,1,0,0
2015-10-20,109,110,89,36,97,80,72,15,0,0,1,0,1,0,0
2015-10-27,117,109,110,89,36,97,74,20,0,0,1,0,1,0,0
2015-11-03,124,117,109,110,89,36,75,18,0,0,1,0,1,0,0
2015-11-10,111,124,117,109,110,89,76,21,0,0,1,0,1,0,0
2015-11-17,90,111,124,117,109,110,77,18,0,0,1,0,1,0,0
2015-11-24,103,90,111,124,117,109,79,20,0,0,1,0,1,0,0
2015-12-01,92,103,90,111,124,117,80,22,0,0,1,0,1,0,0
2015-12-08,91,92,103,90,111,124,81,2,0,0,1,0,1,0,0
2015-12-15,94,91,92,103,90,111,83,0,0,0,1,0,1,0,0
2015-12-22,89,94,91,92,103,90,83,16,0,0,1,0,1,0,0
2015-12-29,96,89,94,91,92,103,83,11,0,0,1,0,1,0,0
2016-01-05,62,96,89,94,91,92,83,79,0,0,1,0,1,0,0
2016-01-12,111,62,96,89,94,91,83,-21,0,0,1,0,1,0,0
2016-01-19,84,111,62,96,89,94,82,0,0,0,1,0,1,0,0
2016-01-26,56,84,111,62,96,89,82,-13,0,0,1,0,1,0,0
2016-02-02,57,56,84,111,62,96,83,-17,0,0,1,0,1,0,0
2016-02-09,85,57,56,84,111,62,82,-8,0,0,1,0,1,0,0
2016-02-16,94,85,57,56,84,111,82,5,0,0,1,0,1,0,0
2016-02-23,64,94,85,57,56,84,81,1,0,0,1,0,1,0,0
2016-03-01,78,64,94,85,57,56,82,-1,0,0,1,0,1,0,0
2016-03-08,96,78,64,94,85,57,82,1,0,0,1,0,1,0,0
2016-03-15,64,96,78,64,94,85,82,5,0,0,1,0,1,0,0
2016-03-22,59,64,96,78,64,94,82,2,0,0,1,0,1,0,0
2016-03-29,57,59,64,96,78,64,82,-13,0,0,1,0,1,0,0
2016-04-05,61,57,59,64,96,78,83,-11,0,0,1,0,1,0,0
2016-04-12,72,61,57,59,64,96,83,-12,0,0,1,0,1,0,0
2016-04-19,65,72,61,57,59,64,84,-13,0,0,1,0,1,0,0
2016-04-26,64,65,72,61,57,59,84,-10,0,0,1,0,1,0,0
2016-05-03,74,64,65,72,61,57,85,-18,0,0,1,0,1,0,0
2016-05-10,70,74,64,65,72,61,85,-14,0,0,1,0,1,0,0
2016-05-17,83,70,74,64,65,72,86,-20,0,0,1,0,1,0,0
2016-05-24,78,83,70,74,64,65,87,-14,0,0,1,0,1,0,0
2016-05-31,70,78,83,70,74,64,88,-15,0,0,1,0,1,0,0
2016-06-07,93,70,78,83,70,74,89,-17,0,0,1,0,1,0,0
2014-02-11,45,37,52,54,62,61,47,8,0,0,1,0,0,1,0
2014-02-18,59,45,37,52,54,62,47,5,0,0,1,0,0,1,0
2014-02-25,54,59,45,37,52,54,47,-8,0,0,1,0,0,1,0
2014-03-04,34,54,59,45,37,52,47,2,0,0,1,0,0,1,0
2014-03-11,54,34,54,59,45,37,46,-7,0,0,1,0,0,1,0
2014-03-18,48,54,34,54,59,45,46,-1,0,0,1,0,0,1,0
2014-03-25,76,48,54,34,54,59,46,-2,0,0,1,0,0,1,0
2014-04-01,45,76,48,54,34,54,46,11,0,0,1,0,0,1,0
2014-04-08,59,45,76,48,54,34,45,3,0,0,1,0,0,1,0
2014-04-15,46,59,45,76,48,54,45,4,0,0,1,0,0,1,0
2014-04-22,66,46,59,45,76,48,45,8,0,0,1,0,0,1,0
2014-04-29,45,66,46,59,45,76,44,10,0,0,1,0,0,1,0
2014-05-06,35,45,66,46,59,45,44,0,0,0,1,0,0,1,0
2014-05-13,42,35,45,66,46,59,44,-3,0,0,1,0,0,1,0
2014-05-20,62,42,35,45,66,46,44,-8,0,0,1,0,0,1,0
2014-05-27,42,62,42,35,45,66,43,11,0,0,1,0,0,1,0
2014-06-03,49,42,62,42,35,45,43,-4,0,0,1,0,0,1,0
2014-06-10,41,49,42,62,42,35,43,3,0,0,1,0,0,1,0
2014-06-17,37,41,49,42,62,42,43,1,0,0,1,0,0,1,0
2014-06-24,44,37,41,49,42,62,42,-11,0,0,1,0,0,1,0
2014-07-01,48,44,37,41,49,42,42,-7,0,0,1,0,0,1,0
2014-07-08,40,48,44,37,41,49,42,-6,0,0,1,0,0,1,0
2014-07-15,39,40,48,44,37,41,41,-10,0,0,1,0,0,1,0
2014-07-22,35,39,40,48,44,37,41,-16,0,0,1,0,0,1,0
2014-07-29,29,35,39,40,48,44,41,-10,0,0,1,0,0,1,0
2014-08-05,30,29,35,39,40,48,41,-3,0,0,1,0,0,1,0
2014-08-12,66,30,29,35,39,40,41,-14,0,0,1,0,0,1,0
2014-08-19,48,66,30,29,35,39,41,4,0,0,1,0,0,1,0
2014-08-26,44,48,66,30,29,35,41,2,0,0,1,0,0,1,0
2014-09-02,45,44,48,66,30,29,40,2,0,0,1,0,0,1,0
2014-09-09,31,45,44,48,66,30,40,-5,0,0,1,0,0,1,0
2014-09-16,41,31,45,44,48,66,40,-12,0,0,1,0,0,1,0
2014-09-23,29,41,31,45,44,48,40,-10,0,0,1,0,0,1,0
2014-09-30,48,29,41,31,45,44,39,-8,0,0,1,0,0,1,0
2014-10-07,21,48,29,41,31,45,39,3,0,0,1,0,0,1,0
2014-10-14,45,21,48,29,41,31,39,-3,0,0,1,0,0,1,0
2014-10-21,23,45,21,48,29,41,38,16,0,0,1,0,0,1,0
2014-10-28,39,23,45,21,48,29,38,-2,0,0,1,0,0,1,0
2014-11-04,30,39,23,45,21,48,38,4,0,0,1,0,0,1,0
2014-11-11,35,30,39,23,45,21,37,-8,0,0,1,0,0,1,0
2014-11-18,39,35,30,39,23,45,37,2,0,0,1,0,0,1,0
2014-11-25,46,39,35,30,39,23,37,2,0,0,1,0,0,1,0
2014-12-02,30,46,39,35,30,39,36,8,0,0,1,0,0,1,0
2014-12-09,24,30,46,39,35,30,36,3,0,0,1,0,0,1,0
2014-12-16,27,24,30,46,39,35,36,3,0,0,1,0,0,1,0
2014-12-23,32,27,24,30,46,39,35,-3,0,0,1,0,0,1,0
2014-12-30,37,32,27,24,30,46,35,8,0,0,1,0,0,1,0
2015-01-06,20,37,32,27,24,30,34,16,0,0,1,0,0,1,0
2015-01-13,13,20,37,32,27,24,34,4,0,0,1,0,0,1,0
2015-01-20,39,13,20,37,32,27,33,-9,0,0,1,0,0,1,0
2015-01-27,43,39,13,20,37,32,33,19,0,0,1,0,0,1,0
2015-02-03,48,43,39,13,20,37,32,12,0,0,1,0,0,1,0
2015-02-10,52,48,43,39,13,20,32,8,0,0,1,0,0,1,0
2015-02-17,7,52,48,43,39,13,31,5,0,0,1,0,0,1,0
2015-02-24,36,7,52,48,43,39,31,-8,0,0,1,0,0,1,0
2015-03-03,39,36,7,52,48,43,30,2,0,0,1,0,0,1,0
2015-03-10,43,39,36,7,52,48,30,-7,0,0,1,0,0,1,0
2015-03-17,37,43,39,36,7,52,29,-1,0,0,1,0,0,1,0
2015-03-24,39,37,43,39,36,7,29,-2,0,0,1,0,0,1,0
2015-03-31,40,39,37,43,39,36,29,11,0,0,1,0,0,1,0
2015-04-07,30,40,39,37,43,39,28,3,0,0,1,0,0,1,0
2015-04-14,40,30,40,39,37,43,28,4,0,0,1,0,0,1,0
2015-04-21,50,40,30,40,39,37,28,8,0,0,1,0,0,1,0
2015-04-28,30,50,40,30,40,39,28,10,0,0,1,0,0,1,0
2015-05-05,13,30,50,40,30,40,28,0,0,0,1,0,0,1,0
2015-05-12,20,13,30,50,40,30,28,-3,0,0,1,0,0,1,0
2015-05-19,40,20,13,30,50,40,28,-8,0,0,1,0,0,1,0
2015-05-26,23,40,20,13,30,50,28,11,0,0,1,0,0,1,0
2015-06-02,29,23,40,20,13,30,28,-4,0,0,1,0,0,1,0
2015-06-09,30,29,23,40,20,13,28,3,0,0,1,0,0,1,0
2015-06-16,18,30,29,23,40,20,29,1,0,0,1,0,0,1,0
2015-06-23,22,18,30,29,23,40,29,-11,0,0,1,0,0,1,0
2015-06-30,8,22,18,30,29,23,29,-7,0,0,1,0,0,1,0
2015-07-07,16,8,22,18,30,29,30,-6,0,0,1,0,0,1,0
2015-07-14,11,16,8,22,18,30,31,-10,0,0,1,0,0,1,0
2015-07-21,3,11,16,8,22,18,31,-16,0,0,1,0,0,1,0
2015-07-28,22,3,11,16,8,22,31,-10,0,0,1,0,0,1,0
2015-08-04,12,22,3,11,16,8,32,-3,0,0,1,0,0,1,0
2015-08-11,28,12,22,3,11,16,32,-14,0,0,1,0,0,1,0
2015-08-18,15,28,12,22,3,11,32,4,0,0,1,0,0,1,0
2015-08-25,29,15,28,12,22,3,32,2,0,0,1,0,0,1,0
2015-09-01,17,29,15,28,12,22,32,2,0,0,1,0,0,1,0
2015-09-08,17,17,29,15,28,12,31,-5,0,0,1,0,0,1,0
2015-09-15,7,17,17,29,15,28,31,-12,0,0,1,0,0,1,0
2015-09-22,23,7,17,17,29,15,30,-10,0,0,1,0,0,1,0
2015-09-29,4,23,7,17,17,29,30,-8,0,0,1,0,0,1,0
2015-10-06,28,4,23,7,17,17,30,3,0,0,1,0,0,1,0
2015-10-13,51,28,4,23,7,17,30,-3,0,0,1,0,0,1,0
2015-10-20,27,51,28,4,23,7,30,16,0,0,1,0,0,1,0
2015-10-27,32,27,51,28,4,23,30,-2,0,0,1,0,0,1,0
2015-11-03,21,32,27,51,28,4,30,4,0,0,1,0,0,1,0
2015-11-10,44,21,32,27,51,28,30,-8,0,0,1,0,0,1,0
2015-11-17,50,44,21,32,27,51,31,2,0,0,1,0,0,1,0
2015-11-24,46,50,44,21,32,27,31,2,0,0,1,0,0,1,0
2015-12-01,36,46,50,44,21,32,31,8,0,0,1,0,0,1,0
2015-12-08,54,36,46,50,44,21,31,3,0,0,1,0,0,1,0
2015-12-15,37,54,36,46,50,44,31,3,0,0,1,0,0,1,0
2015-12-22,56,37,54,36,46,50,31,-3,0,0,1,0,0,1,0
2015-12-29,74,56,37,54,36,46,31,8,0,0,1,0,0,1,0
2016-01-05,54,74,56,37,54,36,31,16,0,0,1,0,0,1,0
2016-01-12,35,54,74,56,37,54,32,4,0,0,1,0,0,1,0
2016-01-19,64,35,54,74,56,37,32,-9,0,0,1,0,0,1,0
2016-01-26,47,64,35,54,74,56,32,19,0,0,1,0,0,1,0
2016-02-02,53,47,64,35,54,74,33,12,0,0,1,0,0,1,0
2016-02-09,31,53,47,64,35,54,33,8,0,0,1,0,0,1,0
2016-02-16,21,31,53,47,64,35,34,5,0,0,1,0,0,1,0
2016-02-23,27,21,31,53,47,64,34,-8,0,0,1,0,0,1,0
2016-03-01,16,27,21,31,53,47,34,2,0,0,1,0,0,1,0
2016-03-08,12,16,27,21,31,53,35,-7,0,0,1,0,0,1,0
2016-03-15,18,12,16,27,21,31,35,-1,0,0,1,0,0,1,0
2016-03-22,29,18,12,16,27,21,35,-2,0,0,1,0,0,1,0
2016-03-29,35,29,18,12,16,27,36,11,0,0,1,0,0,1,0
2016-04-05,32,35,29,18,12,16,36,3,0,0,1,0,0,1,0
2016-04-12,49,32,35,29,18,12,37,4,0,0,1,0,0,1,0
2016-04-19,25,49,32,35,29,18,38,8,0,0,1,0,0,1,0
2016-04-26,35,25,49,32,35,29,38,10,0,0,1,0,0,1,0
2016-05-03,53,35,25,49,32,35,38,0,0,0,1,0,0,1,0
2016-05-10,24,53,35,25,49,32,39,-3,0,0,1,0,0,1,0
2016-05-17,40,24,53,35,25,49,39,-8,0,0,1,0,0,1,0
2016-05-24,31,40,24,53,35,25,38,11,0,0,1,0,0,1,0
2016-05-31,39,31,40,24,53,35,38,-4,0,0,1,0,0,1,0
2016-06-07,41,39,31,40,24,53,38,3,0,0,1,0,0,1,0
2014-02-11,11,1,18,9,7,11,-112,31,0,0,0,1,0,0,1
2014-02-18,8,11,1,18,9,7,-107,37,0,0,0,1,0,0,1
2014-02-25,15,8,11,1,18,9,-103,35,0,0,0,1,0,0,1
2014-03-04,18,15,8,11,1,18,-98,35,0,0,0,1,0,0,1
2014-03-11,24,18,15,8,11,1,-93,20,0,0,0,1,0,0,1
2014-03-18,15,24,18,15,8,11,-88,28,0,0,0,1,0,0,1
2014-03-25,19,15,24,18,15,8,-84,26,0,0,0,1,0,0,1
2014-04-01,7,19,15,24,18,15,-79,38,0,0,0,1,0,0,1
2014-04-08,19,7,19,15,24,18,-74,22,0,0,0,1,0,0,1
2014-04-15,14,19,7,19,15,24,-69,7,0,0,0,1,0,0,1
2014-04-22,6,14,19,7,19,15,-65,24,0,0,0,1,0,0,1
2014-04-29,4,6,14,19,7,19,-60,56,0,0,0,1,0,0,1
2014-05-06,15,4,6,14,19,7,-55,75,0,0,0,1,0,0,1
2014-05-13,13,15,4,6,14,19,-51,29,0,0,0,1,0,0,1
2014-05-20,48,13,15,4,6,14,-46,42,0,0,0,1,0,0,1
2014-05-27,34,48,13,15,4,6,-41,68,0,0,0,1,0,0,1
2014-06-03,7,34,48,13,15,4,-36,52,0,0,0,1,0,0,1
2014-06-10,33,7,34,48,13,15,-32,14,0,0,0,1,0,0,1
2014-06-17,33,33,7,34,48,13,-27,32,0,0,0,1,0,0,1
2014-06-24,28,33,33,7,34,48,-22,50,0,0,0,1,0,0,1
2014-07-01,17,28,33,33,7,34,-18,14,0,0,0,1,0,0,1
2014-07-08,34,17,28,33,33,7,-13,3,0,0,0,1,0,0,1
2014-07-15,49,34,17,28,33,33,-8,-18,0,0,0,1,0,0,1
2014-07-22,19,49,34,17,28,33,-3,-45,0,0,0,1,0,0,1
2014-07-29,18,19,49,34,17,28,1,-2,0,0,0,1,0,0,1
2014-08-05,14,18,19,49,34,17,6,28,0,0,0,1,0,0,1
2014-08-12,45,14,18,19,49,34,25,9,0,0,0,1,0,0,1
2014-08-19,33,45,14,18,19,49,28,16,0,0,0,1,0,0,1
2014-08-26,26,33,45,14,18,19,30,12,0,0,0,1,0,0,1
2014-09-02,22,26,33,45,14,18,33,-42,0,0,0,1,0,0,1
2014-09-09,34,22,26,33,45,14,35,38,0,0,0,1,0,0,1
2014-09-16,50,34,22,26,33,45,38,-28,0,0,0,1,0,0,1
2014-09-23,66,50,34,22,26,33,40,-20,0,0,0,1,0,0,1
2014-09-30,8,66,50,34,22,26,43,16,0,0,0,1,0,0,1
2014-10-07,20,8,66,50,34,22,46,-42,0,0,0,1,0,0,1
2014-10-14,43,20,8,66,50,34,49,1,0,0,0,1,0,0,1
2014-10-21,43,43,20,8,66,50,52,2,0,0,0,1,0,0,1
2014-10-28,13,43,43,20,8,66,55,-7,0,0,0,1,0,0,1
2014-11-04,11,13,43,43,20,8,61,-10,0,0,0,1,0,0,1
2014-11-11,17,11,13,43,43,20,66,-50,0,0,0,1,0,0,1
2014-11-18,44,17,11,13,43,43,71,-32,0,0,0,1,0,0,1
2014-11-25,39,44,17,11,13,43,76,-79,0,0,0,1,0,0,1
2014-12-02,9,39,44,17,11,13,81,-39,0,0,0,1,0,0,1
2014-12-09,17,9,39,44,17,11,86,-53,0,0,0,1,0,0,1
2014-12-16,47,17,9,39,44,17,92,-51,0,0,0,1,0,0,1
2014-12-23,17,47,17,9,39,44,98,5,0,0,0,1,0,0,1
2014-12-30,33,17,47,17,9,39,103,-21,0,0,0,1,0,0,1
2015-01-06,10,33,17,47,17,9,108,-59,0,0,0,1,0,0,1
2015-01-13,36,10,33,17,47,17,113,-119,0,0,0,1,0,0,1
2015-01-20,26,36,10,33,17,47,117,-37,0,0,0,1,0,0,1
2015-01-27,26,26,36,10,33,17,120,-59,0,0,0,1,0,0,1
2015-02-03,107,26,26,36,10,33,126,-47,0,0,0,1,0,0,1
2015-02-10,163,107,26,26,36,10,131,31,0,0,0,1,0,0,1
2015-02-17,133,163,107,26,26,36,136,37,0,0,0,1,0,0,1
2015-02-24,158,133,163,107,26,26,142,35,0,0,0,1,0,0,1
2015-03-03,132,158,133,163,107,26,147,35,0,0,0,1,0,0,1
2015-03-10,142,132,158,133,163,107,152,20,0,0,0,1,0,0,1
2015-03-17,129,142,132,158,133,163,157,28,0,0,0,1,0,0,1
2015-03-24,186,129,142,132,158,133,161,26,0,0,0,1,0,0,1
2015-03-31,149,186,129,142,132,158,167,38,0,0,0,1,0,0,1
2015-04-07,189,149,186,129,142,132,172,22,0,0,0,1,0,0,1
2015-04-14,167,189,149,186,129,142,176,7,0,0,0,1,0,0,1
2015-04-21,235,167,189,149,186,129,181,24,0,0,0,1,0,0,1
2015-04-28,343,235,167,189,149,186,186,56,0,0,0,1,0,0,1
2015-05-05,244,343,235,167,189,149,191,75,0,0,0,1,0,0,1
2015-05-12,255,244,343,235,167,189,196,29,0,0,0,1,0,0,1
2015-05-19,316,255,244,343,235,167,201,42,0,0,0,1,0,0,1
2015-05-26,287,316,255,244,343,235,206,68,0,0,0,1,0,0,1
2015-06-02,312,287,316,255,244,343,210,52,0,0,0,1,0,0,1
2015-06-09,353,312,287,316,255,244,215,14,0,0,0,1,0,0,1
2015-06-16,325,353,312,287,316,255,219,32,0,0,0,1,0,0,1
2015-06-23,302,325,353,312,287,316,224,50,0,0,0,1,0,0,1
2015-06-30,249,302,325,353,312,287,230,14,0,0,0,1,0,0,1
2015-07-07,267,249,302,325,353,312,235,3,0,0,0,1,0,0,1
2015-07-14,236,267,249,302,325,353,239,-18,0,0,0,1,0,0,1
2015-07-21,206,236,267,249,302,325,243,-45,0,0,0,1,0,0,1
2015-07-28,376,206,236,267,249,302,249,-2,0,0,0,1,0,0,1
2015-08-04,253,376,206,236,267,249,254,28,0,0,0,1,0,0,1
2015-08-11,313,253,376,206,236,267,259,9,0,0,0,1,0,0,1
2015-08-18,328,313,253,376,206,236,263,16,0,0,0,1,0,0,1
2015-08-25,264,328,313,253,376,206,266,12,0,0,0,1,0,0,1
2015-09-01,339,264,328,313,253,376,269,-42,0,0,0,1,0,0,1
2015-09-08,234,339,264,328,313,253,272,38,0,0,0,1,0,0,1
2015-09-15,287,234,339,264,328,313,276,-28,0,0,0,1,0,0,1
2015-09-22,433,287,234,339,264,328,280,-20,0,0,0,1,0,0,1
2015-09-29,161,433,287,234,339,264,283,16,0,0,0,1,0,0,1
2015-10-06,296,161,433,287,234,339,286,-42,0,0,0,1,0,0,1
2015-10-13,290,296,161,433,287,234,289,1,0,0,0,1,0,0,1
2015-10-20,286,290,296,161,433,287,291,2,0,0,0,1,0,0,1
2015-10-27,291,286,290,296,161,433,294,-7,0,0,0,1,0,0,1
2015-11-03,275,291,286,290,296,161,296,-10,0,0,0,1,0,0,1
2015-11-10,307,275,291,286,290,296,297,-50,0,0,0,1,0,0,1
2015-11-17,236,307,275,291,286,290,299,-32,0,0,0,1,0,0,1
2015-11-24,279,236,307,275,291,286,300,-79,0,0,0,1,0,0,1
2015-12-01,256,279,236,307,275,291,301,-39,0,0,0,1,0,0,1
2015-12-08,232,256,279,236,307,275,301,-53,0,0,0,1,0,0,1
2015-12-15,331,232,256,279,236,307,300,-51,0,0,0,1,0,0,1
2015-12-22,317,331,232,256,279,236,299,5,0,0,0,1,0,0,1
2015-12-29,263,317,331,232,256,279,299,-21,0,0,0,1,0,0,1
2016-01-05,182,263,317,331,232,256,299,-59,0,0,0,1,0,0,1
2016-01-12,324,182,263,317,331,232,300,-119,0,0,0,1,0,0,1
2016-01-19,294,324,182,263,317,331,299,-37,0,0,0,1,0,0,1
2016-01-26,325,294,324,182,263,317,300,-59,0,0,0,1,0,0,1
2016-02-02,336,325,294,324,182,263,301,-47,0,0,0,1,0,0,1
2016-02-09,297,336,325,294,324,182,302,31,0,0,0,1,0,0,1
2016-02-16,334,297,336,325,294,324,304,37,0,0,0,1,0,0,1
2016-02-23,312,334,297,336,325,294,305,35,0,0,0,1,0,0,1
2016-03-01,302,312,334,297,336,325,305,35,0,0,0,1,0,0,1
2016-03-08,322,302,312,334,297,336,305,20,0,0,0,1,0,0,1
2016-03-15,347,322,302,312,334,297,307,28,0,0,0,1,0,0,1
2016-03-22,330,347,322,302,312,334,308,26,0,0,0,1,0,0,1
2016-03-29,343,330,347,322,302,312,307,38,0,0,0,1,0,0,1
2016-04-05,259,343,330,347,322,302,307,22,0,0,0,1,0,0,1
2016-04-12,348,259,343,330,347,322,311,7,0,0,0,1,0,0,1
2016-04-19,394,348,259,343,330,347,313,24,0,0,0,1,0,0,1
2016-04-26,357,394,348,259,343,330,315,56,0,0,0,1,0,0,1
2016-05-03,320,357,394,348,259,343,317,75,0,0,0,1,0,0,1
2016-05-10,359,320,357,394,348,259,319,29,0,0,0,1,0,0,1
2016-05-17,352,359,320,357,394,348,319,42,0,0,0,1,0,0,1
2016-05-24,356,352,359,320,357,394,320,68,0,0,0,1,0,0,1
2016-05-31,254,356,352,359,320,357,320,52,0,0,0,1,0,0,1
2016-06-07,255,254,356,352,359,320,322,14,0,0,0,1,0,0,1
2015-04-14,6,4,7,2,3,1,30,1,0,0,0,1,1,0,0
2015-04-21,4,6,4,7,2,3,31,3,0,0,0,1,1,0,0
2015-04-28,3,4,6,4,7,2,32,7,0,0,0,1,1,0,0
2015-05-05,3,3,4,6,4,7,34,12,0,0,0,1,1,0,0
2015-05-12,3,3,3,4,6,4,35,5,0,0,0,1,1,0,0
2015-05-19,3,3,3,3,4,6,36,-13,0,0,0,1,1,0,0
2015-05-26,7,3,3,3,3,4,37,1,0,0,0,1,1,0,0
2015-06-02,1,7,3,3,3,3,39,8,0,0,0,1,1,0,0
2015-06-09,5,1,7,3,3,3,40,12,0,0,0,1,1,0,0
2015-06-16,20,5,1,7,3,3,41,22,0,0,0,1,1,0,0
2015-06-23,29,20,5,1,7,3,42,5,0,0,0,1,1,0,0
2015-06-30,27,29,20,5,1,7,44,-5,0,0,0,1,1,0,0
2015-07-07,37,27,29,20,5,1,45,-11,0,0,0,1,1,0,0
2015-07-14,28,37,27,29,20,5,46,-15,0,0,0,1,1,0,0
2015-07-21,15,28,37,27,29,20,47,-34,0,0,0,1,1,0,0
2015-07-28,39,15,28,37,27,29,49,-19,0,0,0,1,1,0,0
2015-08-04,35,39,15,28,37,27,50,-16,0,0,0,1,1,0,0
2015-08-11,28,35,39,15,28,37,51,-26,0,0,0,1,1,0,0
2015-08-18,37,28,35,39,15,28,53,-14,0,0,0,1,1,0,0
2015-08-25,28,37,28,35,39,15,54,-20,0,0,0,1,1,0,0
2015-09-01,39,28,37,28,35,39,55,39,0,0,0,1,1,0,0
2015-09-08,30,39,28,37,28,35,56,7,0,0,0,1,1,0,0
2015-09-15,28,30,39,28,37,28,58,-6,0,0,0,1,1,0,0
2015-09-22,37,28,30,39,28,37,59,-34,0,0,0,1,1,0,0
2015-09-29,12,37,28,30,39,28,60,-1,0,0,0,1,1,0,0
2015-10-06,56,12,37,28,30,39,61,-18,0,0,0,1,1,0,0
2015-10-13,56,56,12,37,28,30,56,13,0,0,0,1,1,0,0
2015-10-20,89,56,56,12,37,28,58,2,0,0,0,1,1,0,0
2015-10-27,139,89,56,56,12,37,60,26,0,0,0,1,1,0,0
2015-11-03,136,139,89,56,56,12,62,54,0,0,0,1,1,0,0
2015-11-10,130,136,139,89,56,56,65,35,0,0,0,1,1,0,0
2015-11-17,124,130,136,139,89,56,67,15,0,0,0,1,1,0,0
2015-11-24,105,124,130,136,139,89,69,21,0,0,0,1,1,0,0
2015-12-01,103,105,124,130,136,139,71,-1,0,0,0,1,1,0,0
2015-12-08,116,103,105,124,130,136,74,-14,0,0,0,1,1,0,0
2015-12-15,109,116,103,105,124,130,77,-7,0,0,0,1,1,0,0
2015-12-22,89,109,116,103,105,124,79,-13,0,0,0,1,1,0,0
2015-12-29,85,89,109,116,103,105,80,11,0,0,0,1,1,0,0
2016-01-05,32,85,89,109,116,103,81,20,0,0,0,1,1,0,0
2016-01-12,91,32,85,89,109,116,82,-41,0,0,0,1,1,0,0
2016-01-19,65,91,32,85,89,109,83,17,0,0,0,1,1,0,0
2016-01-26,43,65,91,32,85,89,84,-10,0,0,0,1,1,0,0
2016-02-02,65,43,65,91,32,85,85,-33,0,0,0,1,1,0,0
2016-02-09,63,65,43,65,91,32,85,-11,0,0,0,1,1,0,0
2016-02-16,85,63,65,43,65,91,86,-14,0,0,0,1,1,0,0
2016-02-23,81,85,63,65,43,65,87,7,0,0,0,1,1,0,0
2016-03-01,67,81,85,63,65,43,89,1,0,0,0,1,1,0,0
2016-03-08,73,67,81,85,63,65,92,-16,0,0,0,1,1,0,0
2016-03-15,84,73,67,81,85,63,94,-12,0,0,0,1,1,0,0
2016-03-22,109,84,73,67,81,85,95,-2,0,0,0,1,1,0,0
2016-03-29,130,109,84,73,67,81,96,22,0,0,0,1,1,0,0
2016-04-05,110,130,109,84,73,67,98,41,0,0,0,1,1,0,0
2016-04-12,114,110,130,109,84,73,100,1,0,0,0,1,1,0,0
2016-04-19,127,114,110,130,109,84,102,3,0,0,0,1,1,0,0
2016-04-26,139,127,114,110,130,109,103,7,0,0,0,1,1,0,0
2016-05-03,127,139,127,114,110,130,103,12,0,0,0,1,1,0,0
2016-05-10,92,127,139,127,114,110,103,5,0,0,0,1,1,0,0
2016-05-17,119,92,127,139,127,114,102,-13,0,0,0,1,1,0,0
2016-05-24,131,119,92,127,139,127,102,1,0,0,0,1,1,0,0
2016-05-31,145,131,119,92,127,139,101,8,0,0,0,1,1,0,0
2016-06-07,161,145,131,119,92,127,101,12,0,0,0,1,1,0,0
2016-06-14,113,161,145,131,119,92,100,22,0,0,0,1,1,0,0
2016-06-21,85,113,161,145,131,119,99,5,0,0,0,1,1,0,0
2016-06-28,78,85,113,161,145,131,99,-5,0,0,0,1,1,0,0
2016-07-05,72,78,85,113,161,145,100,-11,0,0,0,1,1,0,0
2016-07-12,47,72,78,85,113,161,112,-15,0,0,0,1,1,0,0
2016-07-19,91,47,72,78,85,113,113,-34,0,0,0,1,1,0,0
2016-07-26,77,91,47,72,78,85,115,-19,0,0,0,1,1,0,0
2016-08-02,63,77,91,47,72,78,116,-16,0,0,0,1,1,0,0
2016-08-09,96,63,77,91,47,72,117,-26,0,0,0,1,1,0,0
2016-08-16,78,96,63,77,91,47,118,-14,0,0,0,1,1,0,0
2016-08-23,207,78,96,63,77,91,120,-20,0,0,0,1,1,0,0
2016-08-30,135,207,78,96,63,77,121,39,0,0,0,1,1,0,0
2014-02-11,75,97,82,105,51,32,72,23,0,0,0,1,0,1,0
2014-02-18,111,75,97,82,105,51,73,-10,0,0,0,1,0,1,0
2014-02-25,86,111,75,97,82,105,74,-22,0,0,0,1,0,1,0
2014-03-04,79,86,111,75,97,82,75,-14,0,0,0,1,0,1,0
2014-03-11,84,79,86,111,75,97,76,10,0,0,0,1,0,1,0
2014-03-18,82,84,79,86,111,75,77,-16,0,0,0,1,0,1,0
2014-03-25,83,82,84,79,86,111,78,0,0,0,0,1,0,1,0
2014-04-01,97,83,82,84,79,86,79,17,0,0,0,1,0,1,0
2014-04-08,59,97,83,82,84,79,79,33,0,0,0,1,0,1,0
2014-04-15,94,59,97,83,82,84,80,-3,0,0,0,1,0,1,0
2014-04-22,92,94,59,97,83,82,81,9,0,0,0,1,0,1,0
2014-04-29,74,92,94,59,97,83,82,5,0,0,0,1,0,1,0
2014-05-06,58,74,92,94,59,97,83,12,0,0,0,1,0,1,0
2014-05-13,68,58,74,92,94,59,84,-20,0,0,0,1,0,1,0
2014-05-20,100,68,58,74,92,94,85,-14,0,0,0,1,0,1,0
2014-05-27,87,100,68,58,74,92,86,-8,0,0,0,1,0,1,0
2014-06-03,104,87,100,68,58,74,87,-11,0,0,0,1,0,1,0
2014-06-10,95,104,87,100,68,58,88,26,0,0,0,1,0,1,0
2014-06-17,74,95,104,87,100,68,89,-5,0,0,0,1,0,1,0
2014-06-24,101,74,95,104,87,100,90,0,0,0,0,1,0,1,0
2014-07-01,112,101,74,95,104,87,91,-15,0,0,0,1,0,1,0
2014-07-08,88,112,101,74,95,104,92,-7,0,0,0,1,0,1,0
2014-07-15,80,88,112,101,74,95,93,-28,0,0,0,1,0,1,0
2014-07-22,65,80,88,112,101,74,93,-59,0,0,0,1,0,1,0
2014-07-29,53,65,80,88,112,101,94,-38,0,0,0,1,0,1,0
2014-08-05,75,53,65,80,88,112,95,8,0,0,0,1,0,1,0
2014-08-12,91,75,53,65,80,88,94,27,0,0,0,1,0,1,0
2014-08-19,92,91,75,53,65,80,96,-28,0,0,0,1,0,1,0
2014-08-26,97,92,91,75,53,65,96,-17,0,0,0,1,0,1,0
2014-09-02,97,97,92,91,75,53,97,11,0,0,0,1,0,1,0
2014-09-09,107,97,97,92,91,75,98,4,0,0,0,1,0,1,0
2014-09-16,84,107,97,97,92,91,100,-2,0,0,0,1,0,1,0
2014-09-23,73,84,107,97,97,92,102,-21,0,0,0,1,0,1,0
2014-09-30,85,73,84,107,97,97,104,-30,0,0,0,1,0,1,0
2014-10-07,37,85,73,84,107,97,105,-17,0,0,0,1,0,1,0
2014-10-14,77,37,85,73,84,107,107,-17,0,0,0,1,0,1,0
2014-10-21,100,77,37,85,73,84,108,-19,0,0,0,1,0,1,0
2014-10-28,80,100,77,37,85,73,109,25,0,0,0,1,0,1,0
2014-11-04,101,80,100,77,37,85,110,27,0,0,0,1,0,1,0
2014-11-11,122,101,80,100,77,37,111,-25,0,0,0,1,0,1,0
2014-11-18,151,122,101,80,100,77,112,12,0,0,0,1,0,1,0
2014-11-25,124,151,122,101,80,100,113,-1,0,0,0,1,0,1,0
2014-12-02,104,124,151,122,101,80,113,18,0,0,0,1,0,1,0
2014-12-09,101,104,124,151,122,101,114,7,0,0,0,1,0,1,0
2014-12-16,141,101,104,124,151,122,114,-2,0,0,0,1,0,1,0
2014-12-23,114,141,101,104,124,151,115,28,0,0,0,1,0,1,0
2014-12-30,134,114,141,101,104,124,116,30,0,0,0,1,0,1,0
2015-01-06,82,134,114,141,101,104,116,38,0,0,0,1,0,1,0
2015-01-13,102,82,134,114,141,101,117,-9,0,0,0,1,0,1,0
2015-01-20,118,102,82,134,114,141,117,10,0,0,0,1,0,1,0
2015-01-27,167,118,102,82,134,114,117,13,0,0,0,1,0,1,0
2015-02-03,177,167,118,102,82,134,118,65,0,0,0,1,0,1,0
2015-02-10,145,177,167,118,102,82,120,23,0,0,0,1,0,1,0
2015-02-17,98,145,177,167,118,102,121,-10,0,0,0,1,0,1,0
2015-02-24,164,98,145,177,167,118,121,-22,0,0,0,1,0,1,0
2015-03-03,177,164,98,145,177,167,122,-14,0,0,0,1,0,1,0
2015-03-10,162,177,164,98,145,177,123,10,0,0,0,1,0,1,0
2015-03-17,186,162,177,164,98,145,123,-16,0,0,0,1,0,1,0
2015-03-24,165,186,162,177,164,98,124,0,0,0,0,1,0,1,0
2015-03-31,176,165,186,162,177,164,125,17,0,0,0,1,0,1,0
2015-04-07,165,176,165,186,162,177,126,33,0,0,0,1,0,1,0
2015-04-14,130,165,176,165,186,162,126,-3,0,0,0,1,0,1,0
2015-04-21,137,130,165,176,165,186,127,9,0,0,0,1,0,1,0
2015-04-28,143,137,130,165,176,165,129,5,0,0,0,1,0,1,0
2015-05-05,110,143,137,130,165,176,131,12,0,0,0,1,0,1,0
2015-05-12,111,110,143,137,130,165,133,-20,0,0,0,1,0,1,0
2015-05-19,111,111,110,143,137,130,134,-14,0,0,0,1,0,1,0
2015-05-26,123,111,111,110,143,137,135,-8,0,0,0,1,0,1,0
2015-06-02,122,123,111,111,110,143,135,-11,0,0,0,1,0,1,0
2015-06-09,127,122,123,111,111,110,136,26,0,0,0,1,0,1,0
2015-06-16,128,127,122,123,111,111,137,-5,0,0,0,1,0,1,0
2015-06-23,114,128,127,122,123,111,138,0,0,0,0,1,0,1,0
2015-06-30,134,114,128,127,122,123,140,-15,0,0,0,1,0,1,0
2015-07-07,114,134,114,128,127,122,141,-7,0,0,0,1,0,1,0
2015-07-14,66,114,134,114,128,127,143,-28,0,0,0,1,0,1,0
2015-07-21,76,66,114,134,114,128,144,-59,0,0,0,1,0,1,0
2015-07-28,164,76,66,114,134,114,145,-38,0,0,0,1,0,1,0
2015-08-04,174,164,76,66,114,134,146,8,0,0,0,1,0,1,0
2015-08-11,105,174,164,76,66,114,146,27,0,0,0,1,0,1,0
2015-08-18,114,105,174,164,76,66,145,-28,0,0,0,1,0,1,0
2015-08-25,134,114,105,174,164,76,144,-17,0,0,0,1,0,1,0
2015-09-01,151,134,114,105,174,164,142,11,0,0,0,1,0,1,0
2015-09-08,131,151,134,114,105,174,140,4,0,0,0,1,0,1,0
2015-09-15,149,131,151,134,114,105,138,-2,0,0,0,1,0,1,0
2015-09-22,120,149,131,151,134,114,136,-21,0,0,0,1,0,1,0
2015-09-29,51,120,149,131,151,134,134,-30,0,0,0,1,0,1,0
2015-10-06,132,51,120,149,131,151,134,-17,0,0,0,1,0,1,0
2015-10-13,104,132,51,120,149,131,133,-17,0,0,0,1,0,1,0
2015-10-20,226,104,132,51,120,149,133,-19,0,0,0,1,0,1,0
2015-10-27,209,226,104,132,51,120,133,25,0,0,0,1,0,1,0
2015-11-03,159,209,226,104,132,51,133,27,0,0,0,1,0,1,0
2015-11-10,188,159,209,226,104,132,133,-25,0,0,0,1,0,1,0
2015-11-17,140,188,159,209,226,104,133,12,0,0,0,1,0,1,0
2015-11-24,196,140,188,159,209,226,134,-1,0,0,0,1,0,1,0
2015-12-01,143,196,140,188,159,209,133,18,0,0,0,1,0,1,0
2015-12-08,161,143,196,140,188,159,134,7,0,0,0,1,0,1,0
2015-12-15,186,161,143,196,140,188,134,-2,0,0,0,1,0,1,0
2015-12-22,204,186,161,143,196,140,134,28,0,0,0,1,0,1,0
2015-12-29,237,204,186,161,143,196,134,30,0,0,0,1,0,1,0
2016-01-05,150,237,204,186,161,143,133,38,0,0,0,1,0,1,0
2016-01-12,166,150,237,204,186,161,133,-9,0,0,0,1,0,1,0
2016-01-19,156,166,150,237,204,186,132,10,0,0,0,1,0,1,0
2016-01-26,213,156,166,150,237,204,132,13,0,0,0,1,0,1,0
2016-02-02,119,213,156,166,150,237,132,65,0,0,0,1,0,1,0
2016-02-09,75,119,213,156,166,150,132,23,0,0,0,1,0,1,0
2016-02-16,53,75,119,213,156,166,132,-10,0,0,0,1,0,1,0
2016-02-23,38,53,75,119,213,156,132,-22,0,0,0,1,0,1,0
2016-03-01,105,38,53,75,119,213,132,-14,0,0,0,1,0,1,0
2016-03-08,37,105,38,53,75,119,132,10,0,0,0,1,0,1,0
2016-03-15,66,37,105,38,53,75,132,-16,0,0,0,1,0,1,0
2016-03-22,136,66,37,105,38,53,130,0,0,0,0,1,0,1,0
2016-03-29,160,136,66,37,105,38,129,17,0,0,0,1,0,1,0
2016-04-05,105,160,136,66,37,105,130,33,0,0,0,1,0,1,0
2016-04-12,143,105,160,136,66,37,131,-3,0,0,0,1,0,1,0
2016-04-19,127,143,105,160,136,66,131,9,0,0,0,1,0,1,0
2016-04-26,163,127,143,105,160,136,130,5,0,0,0,1,0,1,0
2016-05-03,116,163,127,143,105,160,128,12,0,0,0,1,0,1,0
2016-05-10,124,116,163,127,143,105,127,-20,0,0,0,1,0,1,0
2016-05-17,109,124,116,163,127,143,124,-14,0,0,0,1,0,1,0
2016-05-24,99,109,124,116,163,127,123,-8,0,0,0,1,0,1,0
2016-05-31,197,99,109,124,116,163,121,-11,0,0,0,1,0,1,0
2016-06-07,109,197,99,109,124,116,120,26,0,0,0,1,0,1,0
